quarter,Python,SQL,React,Power BI,Excel,Java,C++,Oracle,JavaScript,AWS,Tableau,C#,Jira,HTML,Windows,Visual Basic,Unix,SQL Server,Docker,C,CSS,COBOL,XML,PostgreSQL,Node.js,Jenkins,TypeScript,Kubernetes,PHP,Linux,Azure,ASP.NET,ASP,LLMs,Terraform,Db2,Angular,MySQL,jQuery,Windows NT,Git,Perl,Snowflake,Spring Boot,Figma,pandas,R,Active Directory,MongoDB,GitHub,S3,GCP,Salesforce,Kafka,JSP,MS Access,PowerBuilder,Azure DevOps,GitHub Actions,.NET,Solaris,Databricks,PL/SQL,Next.js,Crystal Reports,SharePoint,AJAX,Selenium,PyTorch,SAP,Bootstrap,J2EE,Postman,ServiceNow,NumPy,Flask,MATLAB,EC2,Splunk,Confluence,Django,TCP/IP,scikit-learn,IIS,Ansible,TensorFlow,JSON,VMware,Novell,Spark,PowerShell,GraphQL,Airflow,Vue.js,Go,SSIS,Flash,SSRS,Delphi,Hadoop
1996Q1,0.1318,2.0751,0.0000,0.0329,1.3175,2.3057,3.3926,2.4045,1.2846,0.0329,0.0000,0.4611,0.0329,1.8445,1.0540,2.6021,2.5362,1.6469,0.0000,2.4374,0.4282,1.8775,0.4611,0.0988,0.0000,0.0000,0.0000,0.0000,0.4282,0.7905,0.0329,0.2635,0.5599,0.0000,0.0000,1.4163,0.0000,0.2635,0.1647,1.1199,0.0000,1.3505,0.0000,0.0000,0.0000,0.0000,0.0000,0.2306,0.0329,0.0000,0.0000,0.0000,0.0659,0.0000,0.2306,0.8564,0.9881,0.0000,0.0000,0.1318,0.3953,0.0000,0.7576,0.0000,0.3623,0.0659,0.0988,0.0000,0.0000,0.5599,0.0000,0.1647,0.0000,0.0329,0.0000,0.0000,0.0988,0.0000,0.0000,0.0000,0.0000,0.4611,0.0000,0.1976,0.0000,0.0000,0.0659,0.1647,0.5270,0.0000,0.0329,0.0000,0.0000,0.0000,0.0000,0.0659,0.1647,0.0329,0.2306,0.0000
1996Q2,0.1240,2.1395,0.0000,0.0310,1.2713,2.4806,3.6279,2.4806,1.1163,0.0310,0.0000,0.3101,0.0620,1.5814,1.3023,2.4806,2.6977,1.5504,0.0000,2.3256,0.3101,1.9845,0.4961,0.0930,0.0000,0.0000,0.0000,0.0000,0.3101,0.8372,0.0310,0.2171,0.4651,0.0000,0.0000,1.3953,0.0310,0.1860,0.0620,0.9302,0.0000,1.3953,0.0000,0.0000,0.0000,0.0000,0.0000,0.2791,0.0000,0.0000,0.0310,0.0000,0.0620,0.0000,0.2171,0.8372,0.8992,0.0000,0.0000,0.1240,0.5891,0.0000,0.7752,0.0000,0.3721,0.0930,0.1240,0.0000,0.0000,0.4961,0.0000,0.1860,0.0000,0.0310,0.0000,0.0000,0.1550,0.0000,0.0000,0.0000,0.0000,0.6202,0.0000,0.2481,0.0310,0.0000,0.0620,0.0930,0.5581,0.0000,0.0310,0.0000,0.0000,0.0000,0.0000,0.0310,0.1240,0.0310,0.2791,0.0000
1996Q3,0.1780,2.1365,0.0000,0.0000,1.3056,2.5816,3.7092,2.5223,1.3056,0.0000,0.0000,0.3561,0.0593,1.7507,1.6617,2.6706,2.4629,1.6024,0.0000,2.1958,0.2967,1.8694,0.5045,0.0890,0.0000,0.0000,0.0000,0.0000,0.4748,0.8605,0.0297,0.2374,0.4748,0.0000,0.0000,1.2166,0.0593,0.2374,0.1187,0.9792,0.0000,1.4540,0.0000,0.0000,0.0000,0.0000,0.0000,0.2374,0.0297,0.0000,0.0297,0.0000,0.0890,0.0000,0.2374,0.8605,0.8012,0.0000,0.0000,0.1484,0.6825,0.0000,0.7122,0.0000,0.4154,0.0890,0.1187,0.0000,0.0000,0.5045,0.0000,0.1780,0.0000,0.0297,0.0000,0.0000,0.1484,0.0000,0.0000,0.0000,0.0000,0.6231,0.0000,0.3264,0.0297,0.0000,0.0593,0.0593,0.5341,0.0000,0.0297,0.0000,0.0000,0.0000,0.0000,0.0297,0.1780,0.0297,0.2671,0.0000
1996Q4,0.1985,2.1271,0.0000,0.0000,1.2479,2.6375,3.8287,2.5525,1.3046,0.0000,0.0000,0.4254,0.0284,1.7016,2.1554,2.6092,2.3256,1.4180,0.0000,2.1271,0.3403,1.8151,0.5105,0.0851,0.0000,0.0000,0.0000,0.0000,0.5389,0.9075,0.0284,0.2269,0.4821,0.0000,0.0000,1.0210,0.0567,0.3687,0.1418,0.8792,0.0000,1.5598,0.0000,0.0000,0.0000,0.0000,0.0000,0.2552,0.0284,0.0000,0.0284,0.0000,0.0851,0.0000,0.2269,0.9075,0.7657,0.0000,0.0000,0.1985,0.7374,0.0000,0.6807,0.0000,0.4254,0.0851,0.1418,0.0000,0.0000,0.5105,0.0000,0.1702,0.0000,0.0284,0.0000,0.0000,0.1134,0.0000,0.0000,0.0000,0.0000,0.6523,0.0000,0.3403,0.0284,0.0000,0.0284,0.0851,0.6239,0.0000,0.0284,0.0000,0.0000,0.0000,0.0000,0.0000,0.1702,0.0000,0.3971,0.0000
1997Q1,0.1055,2.0564,0.0000,0.0000,1.0546,2.8210,3.6910,2.5837,1.5028,0.0000,0.0000,0.5800,0.0264,1.7400,2.7946,2.3992,2.6101,1.6346,0.0000,1.9773,0.5537,2.0828,0.4218,0.0264,0.0264,0.0264,0.0000,0.0000,0.5537,0.8173,0.0264,0.3691,0.5537,0.0000,0.0000,1.3182,0.0527,0.5273,0.1582,1.1864,0.0000,1.3182,0.0000,0.0000,0.0000,0.0000,0.0000,0.3955,0.0264,0.0000,0.0264,0.0264,0.0264,0.0000,0.1582,1.0546,0.7382,0.0000,0.0000,0.2373,1.0282,0.0000,0.8173,0.0000,0.7118,0.1318,0.1318,0.0000,0.0000,0.3955,0.0264,0.1055,0.0000,0.0527,0.0000,0.0000,0.1846,0.0000,0.0000,0.0000,0.0000,0.7118,0.0000,0.2900,0.0264,0.0000,0.0000,0.0527,0.5273,0.0000,0.0000,0.0000,0.0000,0.0000,0.0000,0.0527,0.1582,0.0000,0.4482,0.0000
1997Q2,0.1285,1.9784,0.0000,0.0257,0.9764,2.6978,3.7770,2.8520,1.5930,0.0000,0.0000,0.7194,0.0000,1.8756,2.6208,2.5437,2.4152,1.7215,0.0000,1.9527,0.5396,2.2097,0.3854,0.0771,0.0257,0.0257,0.0000,0.0000,0.5653,0.8479,0.0514,0.4368,0.7965,0.0000,0.0257,1.3104,0.0257,0.5910,0.1799,1.4902,0.0000,1.3104,0.0000,0.0000,0.0000,0.0000,0.0000,0.4368,0.0257,0.0000,0.0000,0.0257,0.0257,0.0000,0.1799,1.0277,0.9507,0.0000,0.0000,0.2312,0.8736,0.0000,0.8222,0.0000,0.7708,0.1285,0.1285,0.0000,0.0000,0.3854,0.0257,0.0771,0.0000,0.0514,0.0000,0.0000,0.1285,0.0000,0.0000,0.0000,0.0000,0.6166,0.0000,0.3854,0.0000,0.0000,0.0000,0.0514,0.4625,0.0000,0.0000,0.0000,0.0000,0.0000,0.0000,0.0514,0.2055,0.0257,0.4111,0.0000
1997Q3,0.1222,1.9804,0.0000,0.0489,0.8802,2.6406,3.6675,2.7139,1.4670,0.0000,0.0244,0.7335,0.0000,1.6381,2.6406,2.5672,2.5917,1.7848,0.0000,2.0782,0.6112,2.2738,0.4156,0.0733,0.0244,0.0244,0.0000,0.0000,0.4156,0.9780,0.0489,0.3912,0.9046,0.0000,0.0244,1.5648,0.0000,0.5868,0.1467,1.5159,0.0000,1.2469,0.0000,0.0000,0.0000,0.0000,0.0000,0.4890,0.0244,0.0000,0.0000,0.0244,0.0000,0.0000,0.2445,0.9535,1.0513,0.0000,0.0000,0.1956,0.8802,0.0000,0.8313,0.0000,0.8313,0.0978,0.1222,0.0000,0.0000,0.3423,0.0244,0.1467,0.0000,0.0733,0.0000,0.0000,0.1711,0.0000,0.0000,0.0244,0.0000,0.6357,0.0000,0.3667,0.0000,0.0000,0.0000,0.0978,0.4156,0.0000,0.0000,0.0000,0.0000,0.0000,0.0000,0.1222,0.2200,0.0733,0.5134,0.0000
1997Q4,0.1440,1.9914,0.0000,0.0480,0.9837,2.6152,3.5269,2.5672,1.4635,0.0000,0.0240,0.7678,0.0240,1.7994,2.3512,2.5912,2.5432,1.9194,0.0000,2.0873,0.6718,2.3512,0.4559,0.1200,0.0240,0.0720,0.0000,0.0000,0.4079,0.9357,0.0480,0.3839,0.9357,0.0000,0.0240,1.6315,0.0000,0.5038,0.1200,1.6075,0.0240,1.3196,0.0000,0.0000,0.0000,0.0000,0.0000,0.4798,0.0240,0.0000,0.0000,0.0240,0.0240,0.0000,0.2879,0.8877,1.0077,0.0000,0.0000,0.1919,0.8157,0.0000,0.9117,0.0000,0.8397,0.0960,0.0960,0.0000,0.0000,0.3359,0.0240,0.1919,0.0000,0.0480,0.0000,0.0000,0.1200,0.0000,0.0000,0.0240,0.0240,0.7198,0.0000,0.3119,0.0000,0.0000,0.0000,0.0960,0.3599,0.0240,0.0000,0.0000,0.0000,0.0000,0.0000,0.1200,0.2639,0.1200,0.4319,0.0000
1998Q1,0.2011,2.1001,0.0223,0.0447,1.1618,3.0161,3.5299,2.8820,1.0947,0.0223,0.0223,0.7373,0.0894,1.7650,2.1895,2.6139,2.3458,1.8990,0.0000,2.0107,0.4915,2.2788,0.7373,0.1564,0.0223,0.0447,0.0000,0.0000,0.3575,1.2511,0.0894,0.3575,1.0500,0.0000,0.0223,1.4075,0.0000,0.4915,0.0894,1.3852,0.0223,1.2288,0.0000,0.0000,0.0000,0.0000,0.0000,0.6256,0.0223,0.0000,0.0000,0.0223,0.0223,0.0223,0.4245,0.8043,1.0500,0.0000,0.0000,0.2904,0.9383,0.0000,0.8266,0.0000,0.9160,0.1340,0.0670,0.0000,0.0000,0.6032,0.0000,0.2458,0.0000,0.0223,0.0000,0.0000,0.0670,0.0000,0.0223,0.0223,0.0223,0.6256,0.0000,0.6032,0.0223,0.0000,0.0223,0.0894,0.2681,0.0223,0.0000,0.0000,0.0000,0.0000,0.0000,0.0670,0.2458,0.1564,0.3351,0.0000
1998Q2,0.1936,2.3016,0.0215,0.0215,1.5272,3.0759,3.3341,2.9254,1.1615,0.0215,0.0215,0.7529,0.1076,1.8929,2.1295,2.7318,2.2801,2.0004,0.0000,2.0865,0.5378,1.9574,0.6668,0.1291,0.0215,0.0860,0.0000,0.0000,0.4302,1.3766,0.0860,0.3442,1.0540,0.0000,0.0000,1.4197,0.0215,0.4947,0.0860,1.2046,0.0430,1.2691,0.0000,0.0000,0.0000,0.0000,0.0215,0.6668,0.0430,0.0215,0.0000,0.0215,0.0430,0.0215,0.4302,0.8389,0.9034,0.0000,0.0000,0.3011,0.9680,0.0000,0.8604,0.0000,0.9034,0.1506,0.0430,0.0000,0.0000,0.6453,0.0000,0.3227,0.0000,0.0215,0.0000,0.0000,0.0645,0.0000,0.0430,0.0215,0.0215,0.5808,0.0000,0.4732,0.0215,0.0000,0.0215,0.2151,0.3442,0.0430,0.0215,0.0000,0.0000,0.0000,0.0000,0.1076,0.2581,0.1291,0.3657,0.0215
1998Q3,0.1885,2.4298,0.0209,0.0209,1.6129,3.1630,3.1630,3.2049,1.2778,0.0628,0.0209,0.7331,0.1257,2.1575,1.8852,2.5555,2.0737,2.0737,0.0000,2.0528,0.5865,2.0109,0.6703,0.1466,0.0209,0.0838,0.0000,0.0000,0.5027,1.2778,0.0628,0.3561,0.9426,0.0000,0.0000,1.4453,0.0419,0.5656,0.0838,1.2778,0.0419,1.4034,0.0000,0.0000,0.0000,0.0000,0.0209,0.7541,0.0209,0.0419,0.0000,0.0209,0.0838,0.0209,0.3561,0.7750,0.7960,0.0000,0.0000,0.3980,0.8379,0.0000,0.8798,0.0000,0.8798,0.1676,0.0628,0.0209,0.0000,0.6075,0.0000,0.2723,0.0000,0.0419,0.0000,0.0000,0.0419,0.0000,0.0419,0.0000,0.0209,0.5237,0.0000,0.4818,0.0209,0.0000,0.0209,0.2095,0.3980,0.0419,0.0628,0.0000,0.0000,0.0000,0.0000,0.0628,0.2304,0.1047,0.2933,0.0209
1998Q4,0.1649,2.4526,0.0206,0.0206,1.5458,3.1739,2.9885,3.4419,1.3603,0.0618,0.0206,0.7832,0.1237,2.1228,1.7312,2.6381,2.0404,2.1641,0.0000,1.8961,0.5977,1.8343,0.7007,0.1031,0.0206,0.0412,0.0000,0.0000,0.4946,1.3190,0.0618,0.4740,0.9068,0.0000,0.0000,1.4221,0.0412,0.5359,0.1237,1.1954,0.0206,1.2778,0.0000,0.0000,0.0000,0.0000,0.0206,0.7214,0.0206,0.0412,0.0000,0.0206,0.0824,0.0206,0.3298,0.7626,0.7832,0.0000,0.0000,0.4534,0.8450,0.0000,0.8244,0.0000,0.9481,0.2267,0.1237,0.0206,0.0000,0.6183,0.0000,0.2473,0.0000,0.0618,0.0000,0.0000,0.0618,0.0000,0.0412,0.0206,0.0000,0.5153,0.0000,0.5359,0.0206,0.0000,0.0206,0.2679,0.4122,0.0206,0.0824,0.0000,0.0000,0.0000,0.0000,0.0824,0.2061,0.0618,0.2679,0.0206
1999Q1,0.1616,2.4247,0.0000,0.0202,1.4750,2.9097,2.9501,3.6169,1.7781,0.0606,0.0404,0.8487,0.1010,2.4247,1.5761,2.4651,1.8590,2.4854,0.0000,1.5559,0.7072,1.4548,0.8891,0.1010,0.0000,0.0404,0.0000,0.0000,0.7678,1.3336,0.0202,0.6264,1.2730,0.0000,0.0000,1.2932,0.0606,0.6466,0.1414,0.9901,0.0202,1.5155,0.0000,0.0000,0.0404,0.0000,0.0202,0.5860,0.0202,0.0404,0.0000,0.0000,0.1010,0.0000,0.4243,0.7274,0.4849,0.0000,0.0000,0.4243,0.6870,0.0000,0.8285,0.0000,0.7678,0.2021,0.1616,0.0202,0.0000,0.5456,0.0000,0.4041,0.0000,0.0606,0.0000,0.0000,0.1010,0.0000,0.0404,0.0202,0.0000,0.5456,0.0000,0.4041,0.0000,0.0000,0.0202,0.3637,0.4647,0.0202,0.1212,0.0000,0.0000,0.0000,0.0000,0.1616,0.2829,0.0202,0.2425,0.0202
1999Q2,0.1578,2.4660,0.0000,0.0197,1.3612,2.9986,2.9394,3.6694,1.8347,0.0592,0.0395,0.8877,0.0789,2.4068,1.6571,2.3279,2.0122,2.5449,0.0000,1.4599,0.7694,1.5585,1.0850,0.1184,0.0000,0.0000,0.0000,0.0000,0.7497,1.3612,0.0000,0.5918,1.3020,0.0000,0.0000,1.2823,0.0592,0.6510,0.1775,0.9864,0.0592,1.4796,0.0000,0.0000,0.0395,0.0000,0.0197,0.5918,0.0197,0.0197,0.0000,0.0000,0.0789,0.0000,0.4537,0.7497,0.4340,0.0000,0.0000,0.4932,0.6510,0.0000,0.8286,0.0000,0.7694,0.2762,0.2170,0.0197,0.0000,0.6116,0.0000,0.3946,0.0000,0.0592,0.0000,0.0000,0.1184,0.0000,0.0197,0.0197,0.0000,0.6116,0.0000,0.3946,0.0000,0.0000,0.0986,0.2762,0.4143,0.0000,0.0986,0.0000,0.0000,0.0197,0.0000,0.1381,0.1973,0.0395,0.2565,0.0197
1999Q3,0.1926,2.4841,0.0000,0.0000,1.2902,3.0811,3.0233,3.8128,1.8294,0.0385,0.0193,0.9436,0.0770,2.3493,1.7331,2.2530,2.1182,2.5804,0.0000,1.3287,0.7895,1.2324,1.2902,0.1541,0.0000,0.0000,0.0000,0.0000,0.8280,1.4443,0.0000,0.6740,1.5598,0.0000,0.0000,1.0399,0.0578,0.6547,0.2118,0.8858,0.0770,1.4828,0.0000,0.0000,0.0385,0.0000,0.0193,0.5584,0.0385,0.0000,0.0000,0.0000,0.0385,0.0193,0.4814,0.8473,0.3851,0.0000,0.0000,0.4622,0.8088,0.0000,0.7510,0.0000,0.8088,0.3274,0.2503,0.0000,0.0193,0.6932,0.0193,0.5777,0.0000,0.0193,0.0000,0.0000,0.1541,0.0000,0.0193,0.0193,0.0000,0.6932,0.0000,0.4429,0.0000,0.0193,0.1155,0.2311,0.3466,0.0193,0.0578,0.0000,0.0193,0.0193,0.0193,0.1348,0.1733,0.0578,0.2503,0.0385
1999Q4,0.2409,2.5019,0.0000,0.0000,1.2973,3.2246,3.1319,3.6879,2.0571,0.0556,0.0556,0.9266,0.0741,2.4463,1.9644,2.2053,2.1683,2.5389,0.0000,1.3529,0.8340,1.2602,1.5011,0.1483,0.0000,0.0371,0.0000,0.0000,0.9081,1.5196,0.0000,0.6857,1.7235,0.0000,0.0000,1.1119,0.0741,0.7598,0.2409,0.9081,0.0741,1.5382,0.0000,0.0000,0.0371,0.0000,0.0185,0.5930,0.0371,0.0000,0.0000,0.0000,0.0371,0.0185,0.6116,0.8154,0.3706,0.0000,0.0000,0.4262,0.8895,0.0000,0.7784,0.0000,0.7598,0.2965,0.1853,0.0000,0.0185,0.7413,0.0556,0.6857,0.0000,0.0000,0.0000,0.0000,0.1297,0.0000,0.0185,0.0000,0.0000,0.5930,0.0000,0.4448,0.0185,0.0185,0.1297,0.1668,0.3336,0.0185,0.0741,0.0000,0.0185,0.0185,0.0185,0.1112,0.2224,0.0927,0.2595,0.0371
2000Q1,0.4243,2.5927,0.0314,0.0157,1.5713,3.5827,3.2055,3.5827,2.3099,0.1100,0.0943,1.0057,0.0471,2.5456,1.9642,2.1999,2.0899,2.5141,0.0157,1.5242,0.9899,0.8328,1.7599,0.2043,0.0471,0.0471,0.0000,0.0000,1.0371,1.7442,0.0471,0.8328,1.6970,0.0314,0.0157,0.9899,0.0471,0.8799,0.2671,0.8642,0.0943,1.5085,0.0000,0.0000,0.0000,0.0157,0.0786,0.6600,0.0629,0.0000,0.0157,0.0157,0.0314,0.0157,0.7228,0.6600,0.2828,0.0000,0.0000,0.5343,0.7228,0.0000,0.8014,0.0157,0.7071,0.2986,0.2828,0.0157,0.0314,0.5971,0.0629,0.5971,0.0000,0.0000,0.0000,0.0000,0.1257,0.0157,0.0000,0.0000,0.0000,0.6600,0.0157,0.5500,0.0157,0.0157,0.1571,0.1728,0.2043,0.0157,0.0629,0.0000,0.0157,0.0157,0.0314,0.0629,0.2986,0.0943,0.2828,0.0314
2000Q2,0.4723,2.5830,0.0443,0.0148,1.5793,3.7638,3.0258,3.3948,2.3616,0.1476,0.1033,1.1218,0.0443,2.6716,1.9483,1.9926,1.8745,2.6125,0.0148,1.5203,1.0775,0.6199,1.9483,0.2214,0.0443,0.0443,0.0000,0.0148,1.0627,1.7565,0.0443,0.8413,1.6827,0.0295,0.0148,0.9004,0.0443,0.9594,0.2362,0.8413,0.0590,1.4908,0.0148,0.0000,0.0000,0.0148,0.0590,0.7528,0.0590,0.0000,0.0295,0.0148,0.0295,0.0295,0.8708,0.5904,0.2362,0.0000,0.0000,0.5756,0.7528,0.0000,0.8413,0.0148,0.8118,0.2362,0.2952,0.0148,0.0295,0.4428,0.0590,0.6494,0.0000,0.0000,0.0000,0.0000,0.1328,0.0148,0.0000,0.0000,0.0000,0.6052,0.0148,0.6494,0.0148,0.0148,0.1181,0.1771,0.1476,0.0295,0.0590,0.0000,0.0148,0.0148,0.0295,0.0590,0.3690,0.0886,0.1919,0.0148
2000Q3,0.4793,2.5941,0.0564,0.0141,1.5226,3.9053,2.9607,3.3413,2.5659,0.1269,0.0987,1.2689,0.0282,2.8197,1.9174,2.0443,1.7482,2.6223,0.0282,1.5790,1.0010,0.7331,2.1007,0.2538,0.0564,0.0423,0.0000,0.0141,1.0433,1.8610,0.0423,0.8177,1.6636,0.0282,0.0141,0.9728,0.0423,0.9305,0.1974,0.8741,0.0564,1.5508,0.0141,0.0000,0.0000,0.0141,0.1128,0.7190,0.0423,0.0000,0.0282,0.0282,0.0564,0.0141,1.0715,0.5357,0.2115,0.0141,0.0000,0.6626,0.7049,0.0000,0.9023,0.0141,0.7049,0.2397,0.2961,0.0141,0.0141,0.4652,0.0564,0.6626,0.0000,0.0000,0.0000,0.0000,0.1128,0.0141,0.0000,0.0000,0.0000,0.5639,0.0141,0.6485,0.0141,0.0000,0.1410,0.2115,0.2115,0.0141,0.0564,0.0000,0.0000,0.0141,0.0141,0.0423,0.4230,0.0705,0.2115,0.0000
2000Q4,0.4257,2.5542,0.0549,0.0137,1.5243,3.9138,2.8564,3.2958,2.4856,0.1236,0.0824,1.3458,0.0412,2.7602,1.8127,1.9637,1.7303,2.5680,0.0275,1.6342,1.0025,0.6317,2.1697,0.2609,0.0549,0.0137,0.0000,0.0137,1.0162,1.8676,0.0549,0.8651,1.6204,0.0275,0.0137,0.8789,0.0275,0.8789,0.1511,0.8239,0.0549,1.5655,0.0137,0.0000,0.0137,0.0137,0.1099,0.8239,0.0412,0.0000,0.0275,0.0275,0.0412,0.0275,0.9887,0.6042,0.1511,0.0137,0.0000,0.6592,0.7004,0.0000,0.9887,0.0137,0.6729,0.2609,0.3158,0.0137,0.0137,0.4669,0.0275,0.6180,0.0137,0.0275,0.0000,0.0000,0.1099,0.0137,0.0000,0.0000,0.0000,0.6592,0.0137,0.7004,0.0137,0.0000,0.1373,0.2609,0.1648,0.0137,0.0412,0.0000,0.0000,0.0137,0.0137,0.0687,0.4257,0.0412,0.2335,0.0137
2001Q1,0.3380,2.3956,0.0735,0.0147,1.3521,3.7037,2.4838,2.9394,2.5426,0.1470,0.0441,1.5138,0.0441,2.5132,1.6902,1.7490,1.7490,2.5720,0.0441,1.4550,0.9112,0.6908,2.0576,0.2499,0.0441,0.0147,0.0000,0.0294,0.9259,1.8372,0.0147,0.8818,1.4697,0.0147,0.0000,0.8818,0.0588,0.9406,0.1470,0.6761,0.0441,1.3962,0.0147,0.0000,0.0147,0.0147,0.0735,0.9406,0.0294,0.0000,0.0294,0.0441,0.0441,0.0294,1.0729,0.6908,0.1764,0.0147,0.0000,0.7202,0.7937,0.0000,0.9994,0.0000,0.7202,0.2939,0.2352,0.0000,0.0000,0.4997,0.0441,0.7202,0.0147,0.0441,0.0147,0.0000,0.1764,0.0000,0.0000,0.0147,0.0147,0.6320,0.0000,0.6026,0.0294,0.0000,0.1029,0.2792,0.2058,0.0147,0.0441,0.0000,0.0000,0.0294,0.0000,0.1323,0.4556,0.0588,0.2058,0.0147
2001Q2,0.2749,2.2148,0.0764,0.0153,1.1914,3.6505,2.5661,2.7341,2.5813,0.1375,0.0305,1.4969,0.0764,2.3675,1.6343,1.7565,1.7871,2.3369,0.0458,1.4205,0.8859,0.7026,1.9398,0.2291,0.0458,0.0153,0.0000,0.0153,1.0234,1.8024,0.0305,0.9470,1.3747,0.0153,0.0000,0.8706,0.0611,1.0386,0.1680,0.5499,0.0458,1.3899,0.0000,0.0000,0.0153,0.0153,0.0764,0.8859,0.0305,0.0000,0.0153,0.0458,0.0458,0.0153,1.0386,0.6873,0.1680,0.0153,0.0000,0.7637,0.7179,0.0000,0.9623,0.0000,0.6262,0.2902,0.2444,0.0000,0.0000,0.5804,0.0611,0.8095,0.0153,0.0611,0.0153,0.0000,0.2749,0.0000,0.0305,0.0305,0.0153,0.6415,0.0000,0.5499,0.0458,0.0000,0.1069,0.3360,0.2444,0.0000,0.0916,0.0000,0.0000,0.0153,0.0000,0.1680,0.5346,0.1222,0.2291,0.0153
2001Q3,0.3025,2.3248,0.0796,0.0318,1.4490,3.5191,2.4682,2.5478,2.5000,0.1592,0.0478,1.5446,0.1115,2.2452,1.6083,1.7675,1.7516,2.2611,0.0318,1.4490,1.0669,0.6369,1.8153,0.1911,0.0478,0.0318,0.0000,0.0159,1.1624,1.6720,0.0318,1.0510,1.4013,0.0159,0.0000,0.7484,0.0637,1.1943,0.2548,0.3981,0.0637,1.3535,0.0000,0.0000,0.0159,0.0318,0.0159,1.0191,0.0318,0.0000,0.0318,0.0318,0.0159,0.0159,0.8280,0.6529,0.1911,0.0000,0.0000,0.7006,0.6847,0.0000,0.8758,0.0000,0.8121,0.2389,0.2389,0.0159,0.0000,0.5255,0.0637,0.7484,0.0159,0.0796,0.0159,0.0000,0.2707,0.0000,0.0318,0.0318,0.0159,0.6369,0.0000,0.5096,0.0478,0.0000,0.0796,0.3503,0.1433,0.0000,0.1433,0.0000,0.0000,0.0159,0.0000,0.2389,0.5573,0.1115,0.1911,0.0478
2001Q4,0.3668,2.4008,0.0834,0.0333,1.5672,3.3678,2.3174,2.5175,2.5675,0.2167,0.0333,1.6339,0.1167,2.3008,1.5005,1.9340,1.5505,2.3675,0.0500,1.2671,1.0670,0.6669,1.6339,0.1834,0.0500,0.0333,0.0000,0.0333,1.2838,1.6005,0.0333,1.1504,1.4171,0.0167,0.0000,0.7169,0.0667,1.2504,0.2668,0.3668,0.0667,1.3004,0.0167,0.0167,0.0000,0.0333,0.0167,1.0337,0.0333,0.0333,0.0333,0.0500,0.0167,0.0000,0.9003,0.5835,0.1834,0.0000,0.0000,0.7503,0.6335,0.0000,0.7169,0.0000,0.8336,0.2001,0.2668,0.0167,0.0000,0.5335,0.0667,0.7503,0.0000,0.0667,0.0167,0.0000,0.2834,0.0000,0.0333,0.0500,0.0167,0.5502,0.0000,0.5002,0.0333,0.0000,0.0667,0.3835,0.1501,0.0000,0.1501,0.0000,0.0000,0.0167,0.0167,0.2834,0.5502,0.1334,0.1501,0.0333
2002Q1,0.4121,2.3831,0.0538,0.0179,1.5230,3.3507,2.3831,2.2039,2.5802,0.1613,0.0358,1.8276,0.1254,2.4010,1.5589,2.0247,1.3259,2.4010,0.0179,1.2722,1.1647,0.6630,1.5947,0.2150,0.0358,0.0179,0.0179,0.0179,1.3438,1.4693,0.0538,1.2901,1.3797,0.0000,0.0000,0.6450,0.0358,1.2005,0.2509,0.2509,0.0896,1.3618,0.0179,0.0179,0.0000,0.0179,0.0000,1.0572,0.0358,0.0717,0.0179,0.0358,0.0179,0.0000,0.6630,0.6988,0.1792,0.0000,0.0000,0.7346,0.5555,0.0000,0.6092,0.0000,0.8242,0.1254,0.2688,0.0358,0.0000,0.4300,0.0358,0.6630,0.0179,0.0538,0.0000,0.0000,0.3404,0.0000,0.0358,0.0358,0.0000,0.3584,0.0000,0.5017,0.0179,0.0000,0.0717,0.3584,0.0896,0.0000,0.1433,0.0179,0.0000,0.0179,0.0179,0.2509,0.5017,0.1075,0.2688,0.0538
2002Q2,0.5372,2.5067,0.0358,0.0179,1.6473,3.1334,2.2023,2.4709,2.4172,0.1791,0.0716,1.9158,0.0895,2.3098,1.5756,1.9875,1.2892,2.4351,0.0179,1.1459,1.0922,0.6983,1.4861,0.2328,0.0537,0.0358,0.0358,0.0179,1.2175,1.5219,0.0537,1.3787,1.3787,0.0000,0.0000,0.6088,0.0358,1.0027,0.1970,0.2686,0.0716,1.2892,0.0179,0.0179,0.0000,0.0179,0.0000,1.0385,0.0179,0.0895,0.0179,0.0358,0.0537,0.0000,0.5372,0.7878,0.1432,0.0000,0.0000,0.6983,0.6446,0.0000,0.6267,0.0000,0.8057,0.1970,0.2507,0.0537,0.0000,0.4118,0.0179,0.5551,0.0179,0.0358,0.0000,0.0000,0.2507,0.0000,0.0000,0.0179,0.0000,0.3581,0.0000,0.4297,0.0000,0.0000,0.0716,0.3760,0.0716,0.0000,0.1074,0.0179,0.0000,0.0179,0.0179,0.2328,0.3760,0.0179,0.3402,0.0537
2002Q3,0.4732,2.1732,0.0175,0.0000,1.6299,2.9443,2.0505,2.3659,2.2257,0.1753,0.0701,1.9628,0.0701,2.0329,1.4196,1.8752,1.1917,2.4360,0.0175,0.8587,1.0165,0.6660,1.3495,0.2278,0.0351,0.0175,0.0351,0.0175,0.9814,1.4371,0.0526,1.5072,1.2268,0.0000,0.0000,0.6309,0.0175,0.8938,0.1052,0.1928,0.0351,1.1917,0.0175,0.0175,0.0000,0.0000,0.0000,0.9814,0.0175,0.0876,0.0000,0.0351,0.0876,0.0000,0.6484,0.8412,0.1227,0.0000,0.0000,0.7361,0.6484,0.0000,0.6660,0.0000,0.6835,0.2629,0.2629,0.0351,0.0000,0.4206,0.0000,0.6134,0.0175,0.0175,0.0000,0.0000,0.2979,0.0000,0.0000,0.0175,0.0000,0.3330,0.0000,0.4206,0.0000,0.0000,0.0526,0.3856,0.0876,0.0000,0.0701,0.0175,0.0000,0.0175,0.0175,0.1753,0.3856,0.0351,0.3505,0.0175
2002Q4,0.4093,2.2510,0.0171,0.0000,1.5518,3.0014,2.1146,2.4727,2.2169,0.1194,0.0682,1.8247,0.0682,1.9441,1.6030,1.6883,1.2449,2.3874,0.0341,0.8356,0.9720,0.6651,1.3472,0.2729,0.0512,0.0171,0.0512,0.0171,0.9550,1.4495,0.0341,1.3472,1.2278,0.0000,0.0171,0.5969,0.0171,0.9209,0.0853,0.1876,0.0341,1.1937,0.0000,0.0000,0.0000,0.0000,0.0171,1.0061,0.0341,0.0512,0.0000,0.0171,0.1023,0.0000,0.6139,0.9550,0.1535,0.0000,0.0000,0.7162,0.5798,0.0000,0.6992,0.0000,0.7162,0.2899,0.2217,0.0341,0.0000,0.4434,0.0000,0.6480,0.0171,0.0000,0.0000,0.0000,0.2899,0.0171,0.0000,0.0000,0.0000,0.3070,0.0000,0.3922,0.0000,0.0000,0.0682,0.3581,0.1194,0.0171,0.0512,0.0171,0.0000,0.0171,0.0000,0.1364,0.3581,0.0512,0.3581,0.0171
2003Q1,0.5297,2.2311,0.0000,0.0000,1.6051,2.8250,1.9262,2.6645,1.9101,0.1926,0.0803,1.8299,0.0803,1.6854,1.4767,1.3965,1.1717,2.4238,0.0642,0.7544,0.9149,0.6421,1.4286,0.2568,0.0321,0.0803,0.0321,0.0161,1.0273,1.4928,0.0482,1.4767,1.0273,0.0000,0.0161,0.6421,0.0321,0.9952,0.0803,0.1766,0.0482,0.9631,0.0000,0.0000,0.0000,0.0000,0.0161,0.9470,0.0161,0.0161,0.0321,0.0000,0.1284,0.0000,0.5457,0.7865,0.1445,0.0161,0.0000,0.8989,0.5778,0.0000,0.7544,0.0000,0.7384,0.2729,0.2087,0.0161,0.0000,0.5618,0.0000,0.6902,0.0000,0.0000,0.0000,0.0000,0.2568,0.0321,0.0000,0.0161,0.0161,0.3852,0.0000,0.4173,0.0000,0.0000,0.0803,0.3210,0.1445,0.0482,0.0482,0.0000,0.0000,0.0000,0.0000,0.1124,0.4013,0.0963,0.2087,0.0321
2003Q2,0.4437,2.2976,0.0000,0.0000,1.5053,2.9155,1.9331,2.4719,1.9807,0.1426,0.0634,1.8222,0.1109,1.6796,1.3944,1.3627,1.1092,2.4085,0.0634,0.9349,0.9983,0.6021,1.5845,0.2694,0.0158,0.0634,0.0158,0.0317,0.9983,1.4736,0.0317,1.5687,0.9666,0.0000,0.0158,0.6972,0.0317,1.0775,0.1426,0.1426,0.0475,0.9032,0.0000,0.0000,0.0000,0.0000,0.0317,0.8556,0.0158,0.0000,0.0317,0.0000,0.0951,0.0000,0.5863,0.7130,0.1585,0.0158,0.0000,0.8873,0.5071,0.0000,0.6814,0.0000,0.7447,0.3011,0.2218,0.0158,0.0000,0.6338,0.0000,0.6180,0.0000,0.0000,0.0000,0.0000,0.2852,0.0317,0.0000,0.0158,0.0158,0.3486,0.0000,0.4754,0.0000,0.0000,0.0634,0.2694,0.1426,0.0475,0.0475,0.0000,0.0000,0.0158,0.0000,0.0951,0.3644,0.1585,0.1743,0.0317
2003Q3,0.4342,2.1712,0.0000,0.0000,1.4268,2.7295,1.8610,2.3418,1.9541,0.1396,0.0465,1.7525,0.1086,1.7990,1.4733,1.2407,1.0546,2.3728,0.0620,0.8995,0.9926,0.4963,1.7680,0.2481,0.0310,0.0620,0.0310,0.0310,1.2872,1.5199,0.0310,1.5199,0.8220,0.0000,0.0155,0.6203,0.0775,1.2407,0.2171,0.1861,0.0465,0.8220,0.0000,0.0000,0.0000,0.0000,0.0310,0.8065,0.0155,0.0000,0.0310,0.0000,0.0775,0.0000,0.5118,0.6979,0.1396,0.0155,0.0000,0.9460,0.4342,0.0000,0.5738,0.0000,0.6514,0.2947,0.2171,0.0155,0.0000,0.7134,0.0000,0.5428,0.0000,0.0000,0.0000,0.0000,0.3412,0.0310,0.0000,0.0155,0.0155,0.3567,0.0000,0.4498,0.0000,0.0000,0.0620,0.2326,0.1396,0.0465,0.0465,0.0000,0.0000,0.0155,0.0000,0.1396,0.3257,0.1861,0.1551,0.0310
2003Q4,0.5027,1.9805,0.0152,0.0152,1.4016,2.7575,1.9348,2.2547,1.9348,0.1523,0.0457,1.9957,0.0762,1.9196,1.3254,1.2340,1.0512,2.4528,0.0305,1.0360,1.0360,0.4266,1.8129,0.2133,0.0152,0.0762,0.0305,0.0152,1.2188,1.5539,0.0305,1.5692,0.7008,0.0000,0.0000,0.5941,0.1066,1.2949,0.2590,0.1676,0.0457,0.8379,0.0000,0.0000,0.0000,0.0000,0.0305,0.7617,0.0000,0.0000,0.0305,0.0000,0.0609,0.0000,0.6246,0.6094,0.1219,0.0152,0.0152,0.9750,0.4723,0.0000,0.4875,0.0000,0.5941,0.3047,0.2285,0.0152,0.0000,0.7008,0.0152,0.5180,0.0000,0.0305,0.0000,0.0000,0.4113,0.0152,0.0000,0.0152,0.0305,0.3352,0.0000,0.4266,0.0000,0.0000,0.0609,0.1980,0.1066,0.0305,0.0609,0.0000,0.0000,0.0152,0.0152,0.1066,0.3809,0.1523,0.1371,0.0305
2004Q1,0.4424,1.9980,0.0285,0.0428,1.3130,2.6688,1.9409,2.0979,1.9695,0.1284,0.0428,2.0265,0.1142,2.0265,1.3415,1.1132,0.9990,2.1264,0.0143,1.0275,0.9705,0.3996,1.5984,0.2141,0.0571,0.0285,0.0285,0.0143,1.3272,1.5270,0.0428,1.4700,0.5709,0.0000,0.0143,0.6422,0.1284,1.3272,0.3425,0.1713,0.0999,0.8420,0.0143,0.0143,0.0000,0.0143,0.0714,0.8277,0.0143,0.0285,0.0000,0.0285,0.0428,0.0000,0.6993,0.6137,0.1284,0.0143,0.0143,0.8991,0.3568,0.0000,0.4424,0.0000,0.5566,0.4424,0.3853,0.0143,0.0143,0.7707,0.0428,0.5566,0.0000,0.0428,0.0143,0.0000,0.3568,0.0000,0.0000,0.0000,0.0143,0.3568,0.0143,0.4852,0.0000,0.0143,0.0571,0.2569,0.0428,0.0000,0.0714,0.0000,0.0000,0.0428,0.0143,0.0856,0.2854,0.1284,0.2141,0.0143
2004Q2,0.4607,1.9086,0.0658,0.0395,1.5138,2.3825,2.0008,1.8560,1.8165,0.1185,0.0395,1.9481,0.0921,1.9876,1.3690,1.0136,0.9346,2.2904,0.0132,0.8688,0.9214,0.3028,1.3953,0.1974,0.0658,0.0395,0.0263,0.0000,1.3690,1.4611,0.0921,1.4611,0.6187,0.0000,0.0132,0.5660,0.1185,1.3426,0.3686,0.1843,0.0921,0.8819,0.0132,0.0132,0.0000,0.0395,0.0527,1.0530,0.0132,0.0263,0.0000,0.0263,0.0527,0.0000,0.6318,0.6187,0.1053,0.0263,0.0132,0.9741,0.3554,0.0000,0.4212,0.0000,0.5002,0.4081,0.4212,0.0395,0.0132,0.8029,0.0395,0.6187,0.0000,0.0527,0.0395,0.0000,0.3422,0.0000,0.0132,0.0000,0.0132,0.2764,0.0132,0.5134,0.0000,0.0132,0.0921,0.2764,0.0263,0.0000,0.0527,0.0000,0.0000,0.0395,0.0132,0.1053,0.3159,0.0921,0.1711,0.0263
2004Q3,0.4709,2.0942,0.0743,0.0372,1.5985,2.6642,2.1190,1.8340,1.8216,0.1363,0.0620,1.8959,0.1239,2.0446,1.4870,0.8922,0.9294,2.3048,0.0124,0.8302,0.9542,0.3222,1.2639,0.1983,0.0620,0.0372,0.0124,0.0000,1.1524,1.4994,0.0991,1.4622,0.6939,0.0000,0.0124,0.5452,0.0867,1.3631,0.2974,0.1487,0.0991,0.7931,0.0124,0.0124,0.0000,0.0496,0.0991,1.1276,0.0248,0.0248,0.0000,0.0248,0.0496,0.0000,0.6691,0.5700,0.0991,0.0248,0.0124,0.9294,0.3965,0.0000,0.4833,0.0000,0.5948,0.4585,0.4337,0.0372,0.0124,0.6691,0.0620,0.6691,0.0000,0.0496,0.0496,0.0000,0.3098,0.0000,0.0124,0.0000,0.0248,0.2478,0.0124,0.4461,0.0000,0.0124,0.1115,0.3346,0.0372,0.0000,0.0372,0.0000,0.0000,0.0372,0.0248,0.1115,0.3594,0.0867,0.1735,0.0496
2004Q4,0.4508,2.2067,0.0593,0.0237,1.5660,2.6338,2.0999,1.8863,1.8626,0.1424,0.0712,1.9575,0.1305,1.9219,1.4830,0.8423,0.9016,2.3016,0.0119,0.7000,0.9254,0.3441,1.1745,0.2491,0.0593,0.0356,0.0000,0.0119,1.2932,1.4118,0.1186,1.5186,0.7000,0.0000,0.0237,0.5339,0.0593,1.3762,0.3441,0.1424,0.1186,0.6762,0.0237,0.0356,0.0000,0.0475,0.1068,1.1152,0.0593,0.0237,0.0119,0.0356,0.0593,0.0119,0.5813,0.5339,0.0949,0.0237,0.0000,0.9254,0.3441,0.0000,0.5813,0.0000,0.6051,0.4746,0.4627,0.0475,0.0119,0.6406,0.0593,0.7356,0.0119,0.0593,0.0475,0.0000,0.2729,0.0119,0.0119,0.0000,0.0119,0.2610,0.0119,0.4271,0.0000,0.0119,0.0949,0.3441,0.0475,0.0000,0.0237,0.0000,0.0000,0.0356,0.0119,0.1305,0.3796,0.1661,0.1780,0.0475
2005Q1,0.4168,2.4238,0.0877,0.0219,1.5245,2.6322,1.8973,1.8644,1.9412,0.0987,0.0877,2.2154,0.1316,1.9631,1.6012,0.8116,0.8555,2.3909,0.0110,0.6690,1.0638,0.3948,1.4038,0.2303,0.0548,0.0548,0.0000,0.0110,1.2174,1.5464,0.1097,1.7109,0.7348,0.0000,0.0110,0.5484,0.0548,1.2722,0.3400,0.1316,0.0658,0.7019,0.0110,0.0219,0.0000,0.0439,0.1316,1.2283,0.0768,0.0219,0.0110,0.0110,0.0439,0.0110,0.5922,0.4935,0.0768,0.0219,0.0000,0.9761,0.4277,0.0000,0.6251,0.0110,0.5593,0.4606,0.4387,0.0548,0.0000,0.6690,0.0329,0.6690,0.0110,0.0439,0.0439,0.0000,0.2852,0.0110,0.0329,0.0110,0.0110,0.2193,0.0110,0.3400,0.0000,0.0000,0.1755,0.3839,0.0658,0.0000,0.0329,0.0110,0.0000,0.0219,0.0110,0.1755,0.3729,0.2193,0.1316,0.0877
2005Q2,0.4693,2.5550,0.0730,0.0313,1.5226,2.7949,1.8250,1.9502,2.0962,0.1043,0.0834,2.2109,0.1564,1.9919,1.6269,0.7926,0.7613,2.2839,0.0104,0.6883,1.1159,0.4484,1.5121,0.2503,0.0521,0.0521,0.0000,0.0209,1.1680,1.5121,0.0834,1.7416,0.6883,0.0000,0.0209,0.5423,0.0521,1.2097,0.2920,0.0939,0.0730,0.6883,0.0209,0.0313,0.0000,0.0417,0.1356,1.1680,0.0939,0.0313,0.0104,0.0104,0.0626,0.0104,0.6466,0.5214,0.0626,0.0209,0.0000,0.9177,0.4276,0.0000,0.6674,0.0104,0.6883,0.4380,0.4067,0.0417,0.0000,0.6153,0.0521,0.6257,0.0104,0.0417,0.0313,0.0000,0.3024,0.0104,0.0417,0.0104,0.0104,0.2711,0.0104,0.2607,0.0104,0.0209,0.1460,0.3233,0.0834,0.0000,0.0313,0.0104,0.0000,0.0104,0.0104,0.2086,0.4276,0.2190,0.1147,0.0730
2005Q3,0.5362,2.5022,0.0596,0.0298,1.5788,2.7405,1.8568,1.9958,2.0058,0.0794,0.0695,2.3732,0.1589,1.9065,1.5192,0.7447,0.7745,2.2441,0.0099,0.6851,1.1816,0.4369,1.4298,0.2582,0.0397,0.0596,0.0000,0.0199,1.2610,1.3901,0.0993,1.7575,0.6256,0.0000,0.0199,0.5561,0.0496,1.1121,0.3575,0.0794,0.0695,0.6851,0.0199,0.0397,0.0000,0.0298,0.0993,1.1915,0.0794,0.0298,0.0099,0.0099,0.1092,0.0099,0.5858,0.5461,0.1192,0.0199,0.0000,0.9135,0.3575,0.0000,0.7050,0.0099,0.6951,0.3773,0.5163,0.0397,0.0000,0.6553,0.0298,0.5163,0.0099,0.0397,0.0199,0.0000,0.2880,0.0099,0.0496,0.0199,0.0099,0.2383,0.0099,0.3475,0.0099,0.0199,0.1291,0.2979,0.0894,0.0000,0.0298,0.0099,0.0099,0.0099,0.0000,0.1887,0.4270,0.2284,0.0993,0.0596
2005Q4,0.5096,2.3940,0.0769,0.0288,1.7306,2.7017,1.9133,1.8940,2.0383,0.0769,0.0673,2.2786,0.1731,1.9229,1.5575,0.6826,0.7307,2.1536,0.0096,0.7692,1.2210,0.4615,1.5575,0.2307,0.0577,0.0577,0.0000,0.0192,1.2403,1.4806,0.0865,1.7306,0.6442,0.0096,0.0096,0.6538,0.0865,1.0960,0.3557,0.0673,0.0577,0.7788,0.0096,0.0288,0.0000,0.0288,0.0769,1.1826,0.0673,0.0288,0.0096,0.0000,0.1250,0.0000,0.5865,0.5288,0.1058,0.0192,0.0000,1.0287,0.3653,0.0000,0.7307,0.0096,0.6826,0.3846,0.5480,0.0385,0.0000,0.7115,0.0192,0.4423,0.0000,0.0288,0.0192,0.0096,0.2980,0.0096,0.0481,0.0288,0.0192,0.2307,0.0096,0.3653,0.0096,0.0192,0.1442,0.3846,0.0865,0.0000,0.0673,0.0096,0.0096,0.0096,0.0000,0.1827,0.3653,0.1923,0.0961,0.0673
2006Q1,0.5858,2.3245,0.0465,0.0279,1.7852,2.7243,1.9247,1.8968,2.1106,0.1302,0.0465,2.3896,0.2232,1.9061,1.5528,0.6230,0.6881,2.0828,0.0093,0.7345,1.3017,0.3719,1.3854,0.2139,0.0651,0.0744,0.0000,0.0279,1.4784,1.3668,0.0930,1.5993,0.6323,0.0093,0.0093,0.5951,0.1023,1.3296,0.3905,0.0279,0.0651,0.7345,0.0093,0.0279,0.0000,0.0279,0.0279,1.1623,0.0372,0.0186,0.0186,0.0093,0.1488,0.0000,0.5579,0.4742,0.0837,0.0093,0.0000,1.0042,0.3161,0.0000,0.7252,0.0093,0.7624,0.5858,0.6416,0.0651,0.0000,0.6974,0.0558,0.4742,0.0000,0.0279,0.0186,0.0093,0.3068,0.0186,0.0279,0.0372,0.0465,0.1953,0.0000,0.4091,0.0186,0.0186,0.1023,0.3719,0.0744,0.0000,0.0651,0.0000,0.0093,0.0186,0.0000,0.2975,0.4556,0.1860,0.0744,0.0279
2006Q2,0.5827,2.2868,0.0441,0.0353,1.6158,2.6576,1.8718,2.0572,2.0925,0.1854,0.0530,2.6311,0.2560,1.9336,1.5010,0.5562,0.6799,2.0307,0.0265,0.6799,1.3685,0.3267,1.4215,0.2384,0.0618,0.0795,0.0088,0.0265,1.6422,1.3244,0.0971,1.5804,0.5209,0.0088,0.0265,0.6004,0.1060,1.4568,0.4503,0.0353,0.0795,0.8299,0.0088,0.0177,0.0000,0.0088,0.0530,1.1743,0.0353,0.0088,0.0265,0.0177,0.1678,0.0000,0.5562,0.4061,0.0883,0.0177,0.0000,0.9712,0.2560,0.0000,0.7328,0.0177,0.7152,0.6357,0.7770,0.0883,0.0000,0.7063,0.0618,0.4591,0.0000,0.0441,0.0088,0.0088,0.3532,0.0265,0.0088,0.0441,0.0530,0.2119,0.0000,0.4944,0.0177,0.0000,0.1324,0.4679,0.0530,0.0088,0.0795,0.0000,0.0088,0.0265,0.0000,0.2825,0.4503,0.2031,0.0883,0.0530
2006Q3,0.5948,2.4131,0.0510,0.0425,1.5464,2.7615,1.7843,2.0138,2.3027,0.2209,0.0680,2.6850,0.2804,2.0393,1.4955,0.5013,0.6458,1.9288,0.0340,0.7222,1.4105,0.3739,1.4445,0.2039,0.0765,0.0935,0.0085,0.0340,1.7334,1.5549,0.1020,1.5379,0.4843,0.0085,0.0340,0.6543,0.1360,1.5040,0.4503,0.0510,0.0935,0.9517,0.0170,0.0085,0.0085,0.0085,0.0510,1.1556,0.0510,0.0170,0.0255,0.0340,0.1105,0.0085,0.6373,0.4163,0.0510,0.0170,0.0000,0.9007,0.3229,0.0085,0.8242,0.0170,0.6543,0.6628,0.6882,0.1444,0.0000,0.7307,0.0765,0.5778,0.0170,0.0425,0.0085,0.0085,0.3314,0.0425,0.0085,0.0510,0.0425,0.2379,0.0000,0.4503,0.0340,0.0000,0.1444,0.5523,0.0255,0.0085,0.0935,0.0000,0.0000,0.0255,0.0000,0.2974,0.4163,0.2039,0.0935,0.0595
2006Q4,0.6503,2.4695,0.0412,0.0576,1.5147,2.8317,1.7204,2.0662,2.1897,0.2305,0.0823,2.8564,0.3046,1.9839,1.5229,0.4939,0.6915,1.9262,0.0412,0.7244,1.4076,0.3540,1.3336,0.1976,0.0576,0.0905,0.0082,0.0247,1.6711,1.6134,0.1152,1.5229,0.4363,0.0000,0.0412,0.6092,0.1235,1.5147,0.4692,0.0494,0.1070,0.8643,0.0165,0.0000,0.0082,0.0082,0.0659,1.1854,0.0494,0.0165,0.0165,0.0329,0.1152,0.0082,0.6585,0.4610,0.0494,0.0165,0.0000,0.8726,0.3540,0.0082,0.7656,0.0165,0.6668,0.6668,0.6915,0.1564,0.0000,0.7162,0.0905,0.5927,0.0165,0.0329,0.0082,0.0000,0.3128,0.0329,0.0082,0.0576,0.0329,0.2552,0.0000,0.3951,0.0494,0.0000,0.1482,0.5268,0.0494,0.0082,0.0823,0.0000,0.0000,0.0329,0.0000,0.2963,0.4527,0.1893,0.0905,0.0659
2007Q1,0.6751,2.4914,0.0884,0.0563,1.5511,2.8450,1.6636,2.1940,2.1056,0.2732,0.0884,2.8128,0.3536,1.9690,1.3502,0.4822,0.6751,1.9368,0.0643,0.6590,1.3743,0.3697,1.3823,0.2572,0.0884,0.0964,0.0161,0.0482,1.3823,1.5511,0.1366,1.5029,0.3456,0.0080,0.0563,0.5143,0.1447,1.3743,0.4822,0.0482,0.1045,0.8840,0.0161,0.0161,0.0161,0.0000,0.1045,1.2135,0.0643,0.0321,0.0321,0.0482,0.1205,0.0161,0.6349,0.4259,0.0723,0.0321,0.0000,0.8197,0.3375,0.0080,0.6751,0.0080,0.6590,0.6670,0.7635,0.1607,0.0000,0.6992,0.0643,0.6269,0.0321,0.0482,0.0000,0.0000,0.3054,0.0321,0.0161,0.0804,0.0402,0.2491,0.0080,0.3536,0.0643,0.0161,0.1366,0.5465,0.0563,0.0161,0.0723,0.0000,0.0000,0.0161,0.0161,0.2331,0.4259,0.1688,0.1045,0.0884
2007Q2,0.6931,2.4920,0.0779,0.0545,1.7756,2.8580,1.5575,2.1494,2.2195,0.2804,0.0857,2.6166,0.3972,1.9936,1.3784,0.5140,0.7242,1.8690,0.0467,0.6230,1.3784,0.3738,1.2927,0.2414,0.1012,0.1402,0.0078,0.0545,1.4095,1.6510,0.1558,1.4407,0.4205,0.0078,0.0312,0.5296,0.1558,1.3395,0.5607,0.0623,0.0935,0.7865,0.0156,0.0156,0.0156,0.0000,0.1012,1.2071,0.0467,0.0389,0.0234,0.0623,0.1012,0.0234,0.5529,0.4361,0.0701,0.0234,0.0000,0.8488,0.3660,0.0078,0.7009,0.0000,0.6386,0.7087,0.7865,0.1713,0.0078,0.7476,0.0389,0.5685,0.0389,0.0389,0.0000,0.0000,0.3115,0.0234,0.0312,0.1012,0.0312,0.2181,0.0078,0.3037,0.0701,0.0389,0.1324,0.5140,0.0545,0.0156,0.0935,0.0000,0.0000,0.0078,0.0156,0.2103,0.3816,0.1947,0.1012,0.0701
2007Q3,0.7522,2.4279,0.0819,0.0670,1.7874,2.6365,1.4895,2.1300,2.2120,0.2532,0.0745,2.6290,0.3873,1.8545,1.3331,0.5511,0.6926,1.9513,0.0447,0.6331,1.2661,0.3054,1.3182,0.2532,0.0968,0.1415,0.0074,0.0521,1.2810,1.5491,0.1341,1.3927,0.3798,0.0074,0.0298,0.5139,0.1415,1.3257,0.5586,0.0521,0.1341,0.7448,0.0149,0.0149,0.0074,0.0074,0.1192,1.2438,0.0521,0.0298,0.0223,0.0670,0.1192,0.0298,0.4543,0.3724,0.0745,0.0223,0.0000,0.9086,0.3054,0.0000,0.6256,0.0000,0.6033,0.7969,0.8341,0.1415,0.0074,0.7373,0.0223,0.4915,0.0223,0.0447,0.0074,0.0074,0.3649,0.0149,0.0223,0.0968,0.0521,0.2309,0.0074,0.3128,0.0596,0.0372,0.1341,0.5139,0.0670,0.0149,0.1266,0.0000,0.0000,0.0074,0.0149,0.2085,0.4096,0.1787,0.1117,0.0596
2007Q4,0.7509,2.4787,0.0729,0.0656,1.7059,2.5370,1.4070,2.2016,2.2964,0.2916,0.0656,2.5662,0.3791,1.8809,1.3633,0.5613,0.6634,2.0704,0.0365,0.6270,1.2977,0.3062,1.3560,0.2479,0.0948,0.1312,0.0073,0.0583,1.3851,1.5091,0.1312,1.4435,0.3354,0.0073,0.0219,0.5103,0.1239,1.3560,0.5541,0.0437,0.1312,0.8092,0.0219,0.0146,0.0073,0.0073,0.1458,1.2904,0.0365,0.0365,0.0219,0.0729,0.1385,0.0437,0.4010,0.3499,0.0656,0.0219,0.0000,0.8019,0.2770,0.0073,0.6342,0.0000,0.6051,0.8530,0.8602,0.1239,0.0073,0.7363,0.0292,0.4884,0.0219,0.0583,0.0073,0.0073,0.3572,0.0146,0.0365,0.0875,0.0583,0.2041,0.0073,0.3718,0.0437,0.0365,0.1385,0.5030,0.0365,0.0146,0.1094,0.0000,0.0000,0.0000,0.0146,0.3062,0.4010,0.2989,0.1166,0.0437
2008Q1,0.7940,2.4812,0.0425,0.0709,1.8361,2.3394,1.3257,1.7865,2.4883,0.2694,0.0709,2.6301,0.3332,2.0133,1.3895,0.5671,0.6168,1.9353,0.0284,0.6735,1.5100,0.2836,1.3895,0.2127,0.0709,0.1701,0.0000,0.0638,1.7368,1.5809,0.1347,1.4037,0.3332,0.0000,0.0142,0.5317,0.1418,1.4675,0.7018,0.0425,0.1560,0.8153,0.0213,0.0142,0.0000,0.0142,0.1205,1.1910,0.0354,0.0213,0.0142,0.0567,0.1772,0.0354,0.4112,0.3899,0.0638,0.0142,0.0000,0.8649,0.2552,0.0071,0.6877,0.0071,0.5600,0.8365,0.8153,0.1631,0.0071,0.8294,0.0780,0.3757,0.0071,0.0709,0.0071,0.0142,0.3403,0.0142,0.0709,0.0567,0.0425,0.1914,0.0000,0.3332,0.0425,0.0213,0.2056,0.5884,0.0213,0.0142,0.1631,0.0000,0.0000,0.0071,0.0071,0.3545,0.4254,0.3545,0.0992,0.0496
2008Q2,0.8684,2.4605,0.0551,0.0758,1.8540,2.3985,1.3991,1.6335,2.5019,0.2274,0.0965,2.8879,0.3033,2.0194,1.2889,0.5514,0.6341,1.9712,0.0414,0.7168,1.6059,0.2412,1.4405,0.2343,0.0758,0.1378,0.0138,0.0482,1.8333,1.5301,0.1172,1.4543,0.2757,0.0000,0.0138,0.5100,0.1516,1.5232,0.7306,0.0207,0.1723,0.8960,0.0207,0.0138,0.0000,0.0207,0.1447,1.1717,0.0482,0.0207,0.0345,0.0414,0.1792,0.0414,0.4687,0.3653,0.0758,0.0207,0.0000,0.8615,0.2274,0.0138,0.5927,0.0069,0.5238,0.8202,0.8133,0.1310,0.0000,0.7375,0.1103,0.3998,0.0069,0.0620,0.0207,0.0207,0.3446,0.0207,0.0689,0.0414,0.0551,0.1861,0.0000,0.3446,0.0276,0.0000,0.2274,0.6134,0.0138,0.0069,0.2137,0.0000,0.0000,0.0069,0.0138,0.4342,0.4342,0.3929,0.1034,0.0620
2008Q3,0.9089,2.4147,0.0610,0.0678,1.8178,2.4758,1.4651,1.5736,2.5300,0.2306,0.1153,2.7606,0.2781,2.1095,1.3634,0.5155,0.6376,1.8449,0.0407,0.6512,1.7093,0.2984,1.3701,0.2645,0.0950,0.1492,0.0475,0.0475,1.9128,1.5058,0.1221,1.4922,0.2577,0.0000,0.0136,0.5087,0.1492,1.5261,0.8343,0.0136,0.1492,0.8343,0.0136,0.0203,0.0000,0.0136,0.1221,1.1124,0.0339,0.0203,0.0475,0.0339,0.2238,0.0339,0.4952,0.3663,0.0610,0.0203,0.0000,0.8750,0.2984,0.0136,0.5358,0.0068,0.5223,0.8004,0.8343,0.1357,0.0000,0.7122,0.1289,0.3663,0.0136,0.0610,0.0136,0.0136,0.3188,0.0407,0.0882,0.0271,0.0475,0.1628,0.0000,0.3256,0.0271,0.0000,0.2713,0.6172,0.0203,0.0068,0.1831,0.0000,0.0000,0.0203,0.0271,0.4816,0.3731,0.4477,0.0814,0.0746
2008Q4,0.9853,2.3948,0.0889,0.0684,1.9432,2.4495,1.4369,1.4642,2.5453,0.2053,0.1232,2.8259,0.3079,2.1143,1.3000,0.4584,0.6432,1.7516,0.0547,0.6363,1.7311,0.2463,1.3206,0.2805,0.1095,0.1505,0.0684,0.0547,1.8953,1.4574,0.1232,1.4437,0.2600,0.0000,0.0137,0.4516,0.1642,1.4848,0.9853,0.0205,0.1505,0.7732,0.0068,0.0274,0.0000,0.0205,0.1026,1.0332,0.0411,0.0137,0.0479,0.0411,0.1779,0.0205,0.5063,0.3353,0.0753,0.0205,0.0000,0.9374,0.3216,0.0068,0.5269,0.0068,0.5132,0.8142,0.8690,0.1437,0.0000,0.6705,0.1095,0.3695,0.0137,0.0616,0.0137,0.0137,0.3284,0.0411,0.0821,0.0205,0.0684,0.1711,0.0000,0.2532,0.0411,0.0000,0.2805,0.6295,0.0205,0.0068,0.2121,0.0000,0.0000,0.0205,0.0342,0.4653,0.3626,0.3969,0.0889,0.0889
2009Q1,1.0120,2.1584,0.1132,0.0708,1.8682,2.4485,1.4012,1.4932,2.4627,0.2052,0.1557,2.6820,0.3680,2.1584,1.1606,0.4529,0.5874,1.7692,0.0566,0.6015,1.7762,0.2477,1.2172,0.2972,0.1061,0.0778,0.0708,0.0283,1.8753,1.4153,0.1132,1.4719,0.2052,0.0000,0.0071,0.4388,0.1911,1.4861,1.0332,0.0283,0.1698,0.7077,0.0071,0.0212,0.0000,0.0142,0.1061,1.0049,0.0566,0.0283,0.0708,0.0425,0.1628,0.0212,0.4246,0.2760,0.0495,0.0142,0.0000,0.8421,0.3184,0.0071,0.4883,0.0071,0.4812,0.7643,0.8917,0.1132,0.0000,0.6369,0.1061,0.3680,0.0354,0.0425,0.0142,0.0142,0.4317,0.0425,0.0637,0.0708,0.0849,0.2194,0.0000,0.2972,0.0283,0.0000,0.2760,0.5591,0.0212,0.0000,0.1698,0.0142,0.0000,0.0212,0.0354,0.4671,0.3255,0.3963,0.0849,0.0708
2009Q2,0.9682,2.0025,0.1027,0.0734,1.7678,2.3546,1.3057,1.4157,2.3986,0.2347,0.1394,2.4353,0.3521,2.1492,1.1443,0.4034,0.5941,1.7384,0.0513,0.5575,1.7751,0.2347,1.0929,0.2714,0.1100,0.0660,0.0660,0.0293,1.7898,1.3937,0.1247,1.4010,0.1687,0.0000,0.0147,0.4108,0.2127,1.4670,1.0636,0.0293,0.1614,0.5648,0.0147,0.0220,0.0073,0.0073,0.0954,0.9536,0.0734,0.0293,0.0660,0.0367,0.2054,0.0073,0.3888,0.2347,0.0807,0.0073,0.0000,0.8069,0.3301,0.0000,0.4621,0.0073,0.4621,0.7775,0.8729,0.1100,0.0000,0.6382,0.1027,0.3668,0.0293,0.0440,0.0000,0.0220,0.4548,0.0587,0.0513,0.0734,0.0880,0.2201,0.0000,0.2641,0.0367,0.0000,0.2861,0.5501,0.0220,0.0000,0.1467,0.0147,0.0000,0.0220,0.0293,0.4694,0.3081,0.3961,0.0660,0.0587
2009Q3,0.9638,2.0166,0.1112,0.0741,1.9202,2.3799,1.2085,1.3419,2.2539,0.2372,0.1409,2.3725,0.4078,2.1871,1.0083,0.4300,0.5264,1.7497,0.0519,0.5709,1.8609,0.1631,1.0676,0.2595,0.0890,0.1112,0.0371,0.0445,1.8016,1.2900,0.1186,1.2900,0.1631,0.0000,0.0222,0.3633,0.2002,1.4976,1.1195,0.0297,0.1928,0.5486,0.0148,0.0222,0.0148,0.0222,0.1631,0.9342,0.0816,0.0445,0.0593,0.0371,0.1853,0.0000,0.3929,0.2298,0.0816,0.0074,0.0074,0.7859,0.2891,0.0074,0.4226,0.0148,0.4448,0.7859,0.8081,0.1186,0.0000,0.6747,0.1038,0.3707,0.0297,0.0445,0.0371,0.0222,0.4819,0.0297,0.0297,0.0890,0.0964,0.1928,0.0074,0.2521,0.0593,0.0000,0.2669,0.4819,0.0000,0.0000,0.1483,0.0148,0.0000,0.0074,0.0222,0.3855,0.3040,0.3781,0.0667,0.0445
2009Q4,0.9671,2.0505,0.1091,0.0727,1.8541,2.4067,1.2506,1.3015,2.2250,0.2254,0.1527,2.3631,0.3926,2.1595,0.9743,0.5017,0.4581,1.6796,0.0509,0.5381,1.8832,0.2036,1.0543,0.2545,0.1091,0.1600,0.0218,0.0436,1.7960,1.3015,0.1091,1.3088,0.1672,0.0073,0.0291,0.4217,0.2181,1.4906,1.0979,0.0218,0.2036,0.5817,0.0145,0.0145,0.0218,0.0145,0.1818,0.9889,0.1236,0.0436,0.0800,0.0218,0.2472,0.0073,0.3999,0.2690,0.0654,0.0145,0.0145,0.7926,0.2545,0.0145,0.3854,0.0145,0.4145,0.8216,0.7707,0.1600,0.0073,0.6617,0.1527,0.3781,0.0291,0.0873,0.0364,0.0291,0.4726,0.0582,0.0291,0.0945,0.0873,0.1745,0.0073,0.2981,0.0654,0.0073,0.2618,0.5017,0.0000,0.0073,0.1527,0.0145,0.0000,0.0145,0.0218,0.4217,0.3054,0.4363,0.0582,0.0654
2010Q1,1.0129,2.1935,0.1140,0.0872,1.9050,2.6026,1.2074,1.3483,2.2203,0.3153,0.1878,2.3947,0.3756,2.0526,0.9726,0.4561,0.4763,1.6367,0.0604,0.5836,1.7239,0.1677,0.9324,0.2616,0.1274,0.2214,0.0470,0.0402,1.4891,1.2342,0.1207,1.1873,0.2415,0.0067,0.0335,0.4360,0.1543,1.4086,1.1135,0.0067,0.1945,0.5500,0.0335,0.0134,0.0268,0.0134,0.2146,0.9525,0.1409,0.0268,0.0470,0.0268,0.2750,0.0201,0.4427,0.2951,0.0872,0.0201,0.0134,0.7781,0.2750,0.0134,0.3823,0.0067,0.3823,0.8787,0.7312,0.2146,0.0067,0.5836,0.1476,0.3756,0.0201,0.1140,0.0335,0.0268,0.4092,0.0805,0.0335,0.0470,0.1006,0.0939,0.0067,0.2549,0.0738,0.0268,0.3019,0.5165,0.0134,0.0470,0.2146,0.0067,0.0134,0.0067,0.0134,0.4561,0.2817,0.4427,0.0738,0.0939
2010Q2,1.0493,2.2888,0.1779,0.0920,2.0065,2.5894,1.2272,1.3868,2.2274,0.3129,0.2025,2.5219,0.4234,1.9881,0.9879,0.4541,0.4111,1.5279,0.0736,0.5829,1.7488,0.1902,0.9266,0.2577,0.1595,0.2577,0.0614,0.0552,1.4358,1.1965,0.1350,1.1659,0.2332,0.0061,0.0245,0.4173,0.1411,1.3745,1.0984,0.0000,0.2516,0.5584,0.0245,0.0245,0.0184,0.0123,0.2148,0.9020,0.1350,0.0368,0.0675,0.0368,0.2823,0.0368,0.4111,0.3191,0.0736,0.0307,0.0123,0.7793,0.2639,0.0184,0.4418,0.0061,0.3559,0.9204,0.6443,0.2700,0.0123,0.5829,0.1718,0.3498,0.0245,0.1104,0.0368,0.0245,0.4602,0.0736,0.0491,0.0736,0.1104,0.0859,0.0123,0.2270,0.0736,0.0245,0.2639,0.5216,0.0123,0.0491,0.1902,0.0123,0.0123,0.0245,0.0123,0.4173,0.2516,0.4479,0.0675,0.1166
2010Q3,0.9927,2.2665,0.1894,0.1033,1.9337,2.5648,1.2279,1.3656,2.3238,0.3787,0.2180,2.6337,0.4590,1.9968,0.9869,0.4189,0.4303,1.5320,0.0803,0.5853,1.7214,0.2066,0.9525,0.2639,0.1664,0.2525,0.0631,0.0574,1.4345,1.2336,0.1836,1.1877,0.2639,0.0057,0.0115,0.3959,0.1434,1.3255,1.1074,0.0057,0.2238,0.5681,0.0287,0.0230,0.0115,0.0057,0.1951,0.8779,0.1549,0.0344,0.0746,0.0402,0.2639,0.0402,0.4189,0.3098,0.0631,0.0344,0.0057,0.7631,0.2123,0.0172,0.4533,0.0115,0.3271,0.8664,0.6885,0.2639,0.0115,0.5967,0.1664,0.3730,0.0230,0.1090,0.0172,0.0344,0.4935,0.0861,0.0803,0.1033,0.0975,0.0975,0.0172,0.2410,0.0516,0.0287,0.2926,0.5681,0.0172,0.0689,0.2180,0.0230,0.0115,0.0344,0.0230,0.5107,0.2754,0.4418,0.0631,0.1721
2010Q4,0.9567,2.2873,0.1705,0.1155,1.9574,2.5513,1.1712,1.3746,2.3588,0.4069,0.2364,2.4358,0.5553,2.0344,0.9567,0.3849,0.4564,1.5506,0.0770,0.5718,1.7265,0.2199,0.9402,0.2804,0.1540,0.2639,0.0605,0.0550,1.4021,1.2371,0.2034,1.0832,0.2639,0.0000,0.0110,0.3794,0.1595,1.3416,1.1162,0.0110,0.2364,0.5114,0.0330,0.0220,0.0055,0.0055,0.1650,0.8688,0.1265,0.0385,0.0605,0.0385,0.2584,0.0440,0.4124,0.2914,0.0660,0.0330,0.0000,0.7148,0.2034,0.0110,0.4564,0.0110,0.3134,0.9402,0.6048,0.2584,0.0110,0.6048,0.1595,0.3354,0.0330,0.0715,0.0165,0.0275,0.4784,0.0660,0.0990,0.1265,0.0880,0.1100,0.0220,0.2089,0.0440,0.0220,0.2969,0.5718,0.0165,0.0715,0.2639,0.0275,0.0165,0.0330,0.0275,0.4674,0.2364,0.3904,0.0440,0.1759
2011Q1,0.9615,2.3932,0.1603,0.1122,1.9712,2.5427,1.2286,1.3996,2.4145,0.3472,0.2083,2.4199,0.5876,2.1581,0.9562,0.3579,0.4594,1.5705,0.0641,0.5075,1.7949,0.2030,0.9348,0.2778,0.1442,0.2885,0.0588,0.0588,1.4476,1.2019,0.2030,0.9882,0.1870,0.0000,0.0214,0.3045,0.2083,1.3622,1.1485,0.0107,0.2404,0.5075,0.0214,0.0481,0.0107,0.0160,0.1656,0.9455,0.1389,0.0534,0.0534,0.0427,0.2404,0.0427,0.3579,0.2457,0.0641,0.0374,0.0000,0.7425,0.1389,0.0214,0.4060,0.0160,0.3098,0.9295,0.5716,0.2671,0.0107,0.6143,0.1763,0.2991,0.0214,0.0641,0.0214,0.0267,0.5235,0.0641,0.1015,0.1335,0.0801,0.1335,0.0214,0.2190,0.0267,0.0053,0.2778,0.5449,0.0053,0.0534,0.2724,0.0214,0.0053,0.0481,0.0267,0.4808,0.2190,0.4327,0.0321,0.1656
2011Q2,1.0319,2.3841,0.1169,0.1017,1.9774,2.6230,1.1895,1.3623,2.5010,0.3863,0.2033,2.3231,0.6100,2.2367,0.9303,0.3457,0.4067,1.5708,0.0915,0.5134,1.7334,0.2288,0.9455,0.2999,0.1525,0.3609,0.0407,0.0610,1.4437,1.2810,0.1932,0.9913,0.1728,0.0051,0.0203,0.3101,0.2440,1.3064,1.2861,0.0102,0.2491,0.4524,0.0305,0.0508,0.0102,0.0203,0.1576,0.9963,0.1779,0.0712,0.0508,0.0508,0.2796,0.0508,0.3609,0.1932,0.0508,0.0254,0.0000,0.7371,0.1373,0.0153,0.3660,0.0203,0.2542,0.9099,0.5439,0.2898,0.0051,0.6456,0.1576,0.2796,0.0458,0.0661,0.0153,0.0153,0.5033,0.0712,0.1271,0.1271,0.1017,0.1423,0.0153,0.2338,0.0458,0.0102,0.2999,0.5236,0.0153,0.0559,0.3101,0.0153,0.0102,0.0356,0.0305,0.4728,0.2338,0.4016,0.0305,0.1728
2011Q3,1.1507,2.4859,0.1020,0.1068,2.0635,2.6413,1.2235,1.4614,2.6316,0.4030,0.2379,2.2432,0.6700,2.2869,0.9177,0.3399,0.4515,1.6120,0.0971,0.5195,1.7868,0.1796,0.8934,0.3107,0.1602,0.3836,0.0291,0.0583,1.4469,1.2332,0.1505,0.9711,0.1117,0.0049,0.0340,0.2719,0.3010,1.2721,1.3401,0.0049,0.3447,0.4078,0.0291,0.0486,0.0146,0.0194,0.1991,0.9565,0.1894,0.0825,0.0437,0.0486,0.3253,0.0583,0.3496,0.2282,0.0631,0.0243,0.0049,0.7429,0.1602,0.0097,0.3690,0.0097,0.2573,0.9371,0.5341,0.3399,0.0049,0.5972,0.1554,0.2428,0.0486,0.0631,0.0097,0.0097,0.5195,0.0631,0.1214,0.1165,0.1359,0.1457,0.0097,0.2233,0.0534,0.0194,0.3107,0.5001,0.0146,0.0388,0.3010,0.0049,0.0097,0.0291,0.0340,0.4952,0.1748,0.4758,0.0388,0.1359
2011Q4,1.2200,2.5214,0.1292,0.1100,2.0334,2.6554,1.2631,1.3971,2.6937,0.3828,0.2440,2.3827,0.6411,2.3540,0.9330,0.3253,0.4354,1.5406,0.1244,0.5550,1.8181,0.1531,0.8803,0.3062,0.2057,0.4210,0.0431,0.0670,1.4880,1.2057,0.1579,1.0287,0.1005,0.0048,0.0431,0.2871,0.3110,1.2440,1.4018,0.0000,0.3732,0.4210,0.0239,0.0622,0.0144,0.0191,0.2009,0.9569,0.1962,0.1005,0.0383,0.0526,0.3732,0.0670,0.3445,0.2153,0.0622,0.0191,0.0048,0.7464,0.1722,0.0239,0.3684,0.0096,0.2392,0.8851,0.5646,0.3588,0.0000,0.6268,0.1531,0.2344,0.0478,0.0813,0.0144,0.0096,0.5598,0.0718,0.1148,0.1100,0.1579,0.1387,0.0048,0.2344,0.0622,0.0191,0.3445,0.5072,0.0144,0.0431,0.2536,0.0000,0.0048,0.0335,0.0239,0.4928,0.1722,0.4784,0.0478,0.1483
2012Q1,1.2551,2.5333,0.1338,0.1384,2.1734,2.6533,1.2367,1.3659,2.8241,0.5768,0.3138,2.3764,0.7199,2.4226,0.9090,0.3138,0.4107,1.5043,0.1753,0.5676,1.9519,0.1707,0.9044,0.3276,0.3138,0.5168,0.0554,0.0831,1.4812,1.2044,0.2169,1.0383,0.0969,0.0046,0.0415,0.3092,0.3830,1.2274,1.4951,0.0000,0.4707,0.4199,0.0369,0.0461,0.0185,0.0231,0.1984,1.0106,0.2123,0.1338,0.0923,0.0877,0.4384,0.0646,0.4153,0.2169,0.0461,0.0231,0.0046,0.6737,0.1753,0.0277,0.4061,0.0092,0.1846,0.8952,0.5399,0.3645,0.0092,0.6183,0.1984,0.2353,0.0600,0.0969,0.0185,0.0185,0.5076,0.0969,0.1661,0.1430,0.1800,0.1292,0.0092,0.2077,0.1061,0.0231,0.3461,0.5353,0.0185,0.0415,0.2584,0.0000,0.0092,0.0323,0.0369,0.4338,0.1338,0.4430,0.0461,0.1753
2012Q2,1.3472,2.5836,0.1684,0.1684,2.2646,2.5526,1.2719,1.3605,2.9249,0.6160,0.3767,2.4019,0.7933,2.6235,0.8996,0.2792,0.4520,1.4890,0.1595,0.5185,2.1582,0.1462,0.8642,0.3191,0.3279,0.5628,0.0709,0.0753,1.4536,1.1389,0.2260,0.9395,0.0842,0.0044,0.0576,0.3058,0.4254,1.1877,1.5599,0.0044,0.5052,0.4830,0.0310,0.0532,0.0266,0.0310,0.2482,0.9927,0.2172,0.1152,0.0798,0.0753,0.4077,0.0665,0.4121,0.2304,0.0355,0.0310,0.0044,0.6559,0.1728,0.0266,0.4210,0.0089,0.2127,0.8908,0.5805,0.3944,0.0089,0.6071,0.2659,0.2393,0.0443,0.0931,0.0266,0.0222,0.5096,0.1064,0.1462,0.1551,0.1728,0.1197,0.0133,0.2039,0.1064,0.0177,0.4033,0.5318,0.0133,0.0443,0.2615,0.0133,0.0222,0.0310,0.0399,0.4565,0.0886,0.4476,0.0487,0.1684
2012Q3,1.4183,2.4443,0.1811,0.1767,2.2718,2.5176,1.1941,1.2286,2.8969,0.6509,0.3664,2.4055,0.8148,2.6297,0.8924,0.2630,0.4009,1.4916,0.1595,0.4699,2.1425,0.1897,0.8794,0.3621,0.3621,0.5863,0.0905,0.0604,1.4054,1.1683,0.2371,0.9053,0.1121,0.0043,0.0647,0.3104,0.4785,1.2502,1.5778,0.0086,0.4828,0.4871,0.0302,0.0604,0.0259,0.0302,0.2673,1.0260,0.2199,0.1552,0.1078,0.0776,0.4009,0.0733,0.3923,0.1767,0.0216,0.0302,0.0000,0.6251,0.1595,0.0259,0.4052,0.0086,0.1897,0.8622,0.5518,0.4009,0.0086,0.6380,0.3061,0.2242,0.0560,0.1336,0.0259,0.0302,0.5130,0.1466,0.1638,0.1552,0.1552,0.1207,0.0129,0.2026,0.1250,0.0043,0.4268,0.5604,0.0129,0.0517,0.2543,0.0129,0.0302,0.0388,0.0302,0.4354,0.0992,0.4095,0.0474,0.1983
2012Q4,1.4718,2.4656,0.1903,0.1945,2.3092,2.6010,1.1630,1.2349,2.9351,0.7359,0.3722,2.3430,0.8416,2.6898,0.8966,0.2453,0.4187,1.5141,0.1523,0.4272,2.2034,0.2072,0.8543,0.3849,0.3764,0.5667,0.0804,0.0592,1.3787,1.1842,0.2199,0.8458,0.0930,0.0042,0.0592,0.2707,0.5371,1.3068,1.5690,0.0085,0.4948,0.4864,0.0338,0.0677,0.0254,0.0338,0.2918,1.0446,0.2495,0.1565,0.1311,0.0888,0.3679,0.0677,0.3891,0.1945,0.0254,0.0381,0.0000,0.6005,0.1480,0.0169,0.3933,0.0085,0.2411,0.8289,0.5371,0.4229,0.0127,0.6175,0.3130,0.2368,0.0804,0.1142,0.0254,0.0338,0.4864,0.1607,0.1523,0.1649,0.1269,0.1269,0.0127,0.1988,0.1353,0.0211,0.4314,0.5625,0.0127,0.0381,0.3003,0.0211,0.0296,0.0381,0.0423,0.4610,0.0973,0.4441,0.0381,0.1734
2013Q1,1.5879,2.5580,0.2280,0.1949,2.2968,2.5580,1.1318,1.1982,3.0100,0.6841,0.4104,2.3549,0.9080,2.7446,0.9287,0.2280,0.4312,1.4552,0.1700,0.3814,2.2637,0.2073,0.8499,0.4063,0.4146,0.5638,0.0871,0.0580,1.4013,1.1774,0.2114,0.8292,0.0829,0.0083,0.0705,0.2778,0.5514,1.3184,1.6169,0.0124,0.5265,0.4643,0.0290,0.0912,0.0124,0.0249,0.3151,0.9245,0.2944,0.1285,0.1244,0.0746,0.3814,0.0829,0.3814,0.1990,0.0249,0.0249,0.0000,0.6053,0.1617,0.0041,0.3773,0.0124,0.2861,0.7214,0.5182,0.4146,0.0041,0.6177,0.3524,0.2322,0.0954,0.1202,0.0166,0.0373,0.5182,0.1617,0.1202,0.1658,0.1119,0.1451,0.0166,0.1990,0.1244,0.0332,0.4395,0.5597,0.0083,0.0580,0.3068,0.0332,0.0415,0.0290,0.0415,0.4934,0.0871,0.4685,0.0290,0.1949
2013Q2,1.7859,2.5867,0.2202,0.2242,2.4906,2.6668,1.0731,1.1452,3.0392,0.7047,0.4605,2.2744,0.9490,2.7028,0.9610,0.2803,0.4244,1.4815,0.2002,0.4485,2.2303,0.1762,0.8369,0.4605,0.4925,0.5686,0.0841,0.0841,1.3694,1.1732,0.2723,0.8449,0.0921,0.0040,0.0721,0.2483,0.6447,1.4175,1.5176,0.0120,0.6367,0.4365,0.0360,0.0961,0.0080,0.0521,0.3163,0.9089,0.3123,0.1762,0.1682,0.1001,0.4004,0.1041,0.3764,0.2322,0.0320,0.0360,0.0040,0.5886,0.1522,0.0160,0.3724,0.0160,0.3043,0.7127,0.4765,0.3724,0.0080,0.5766,0.3764,0.2443,0.1121,0.1321,0.0320,0.0400,0.5686,0.1842,0.1361,0.1722,0.1241,0.1321,0.0280,0.1882,0.1241,0.0360,0.4284,0.5646,0.0080,0.0841,0.2843,0.0240,0.0360,0.0320,0.0400,0.4685,0.0921,0.4244,0.0280,0.2242
2013Q3,1.9494,2.6683,0.2735,0.2578,2.6136,2.7308,1.0704,1.2462,3.0355,0.7579,0.5352,2.2932,1.0275,2.7542,0.9884,0.2813,0.4297,1.3634,0.2539,0.4532,2.2620,0.1524,0.8126,0.4493,0.5587,0.6368,0.0938,0.1250,1.3283,1.1798,0.3125,0.8165,0.0820,0.0039,0.0859,0.2305,0.7735,1.3205,1.5002,0.0078,0.6759,0.4102,0.0352,0.0977,0.0039,0.0625,0.3985,0.9571,0.3204,0.1719,0.1992,0.1211,0.4493,0.1172,0.3594,0.2188,0.0352,0.0391,0.0039,0.6055,0.1485,0.0273,0.3633,0.0195,0.3204,0.7188,0.4571,0.3555,0.0078,0.5665,0.4571,0.2539,0.1055,0.1367,0.0469,0.0586,0.5860,0.1992,0.1524,0.2305,0.1680,0.1211,0.0352,0.1758,0.1445,0.0352,0.4063,0.5430,0.0039,0.0977,0.3438,0.0391,0.0352,0.0391,0.0703,0.4571,0.0742,0.4024,0.0156,0.2500
2013Q4,2.0148,2.6480,0.2840,0.2725,2.6749,2.6787,0.9748,1.2242,3.0855,0.7599,0.5680,2.2796,1.0746,2.7785,0.9863,0.2917,0.3991,1.3394,0.2878,0.4375,2.2374,0.1343,0.8443,0.4529,0.5910,0.6793,0.1151,0.1497,1.2933,1.1628,0.3377,0.7599,0.0844,0.0038,0.0883,0.2149,0.8213,1.2818,1.4929,0.0077,0.7330,0.3991,0.0461,0.0959,0.0077,0.0768,0.4030,0.9479,0.3032,0.1689,0.2188,0.1228,0.4912,0.1305,0.3454,0.2034,0.0269,0.0576,0.0077,0.6639,0.1382,0.0345,0.3569,0.0269,0.3070,0.6946,0.4413,0.3646,0.0038,0.5718,0.4989,0.2456,0.0959,0.1573,0.0614,0.0614,0.6064,0.2034,0.1842,0.2533,0.1996,0.1190,0.0422,0.1842,0.1573,0.0192,0.4145,0.5258,0.0038,0.1266,0.3339,0.0345,0.0384,0.0345,0.0729,0.4567,0.0614,0.3684,0.0154,0.2840
2014Q1,2.2271,2.6385,0.3435,0.3322,2.7669,2.7329,0.9437,1.1588,3.1330,0.8606,0.6681,2.1931,1.1211,2.7933,0.9663,0.2831,0.3737,1.3815,0.3246,0.4605,2.1742,0.1434,0.8002,0.4605,0.6606,0.8229,0.1170,0.1661,1.2872,1.2306,0.4152,0.7059,0.0944,0.0000,0.1057,0.2340,1.0003,1.3325,1.4797,0.0038,0.7851,0.3963,0.0491,0.0906,0.0113,0.1057,0.4756,0.9286,0.2907,0.2303,0.2680,0.1208,0.5171,0.1548,0.3058,0.2076,0.0264,0.0906,0.0113,0.6983,0.1434,0.0453,0.3548,0.0226,0.2718,0.7663,0.4832,0.4303,0.0038,0.5851,0.5624,0.2303,0.1019,0.1548,0.0868,0.0717,0.5964,0.2227,0.2340,0.2642,0.2454,0.0944,0.0491,0.2001,0.2038,0.0264,0.4605,0.5020,0.0113,0.1246,0.3737,0.0453,0.0377,0.0453,0.0868,0.4869,0.0453,0.3699,0.0151,0.3020
2014Q2,2.3024,2.7309,0.4394,0.3886,2.8108,2.8217,0.9696,1.1149,3.0904,0.9950,0.7227,2.3024,1.1221,2.7454,0.8716,0.2506,0.3377,1.4199,0.3922,0.4213,2.0663,0.1453,0.7771,0.4612,0.6972,0.8425,0.1453,0.1925,1.2565,1.1584,0.4140,0.6682,0.0835,0.0073,0.1453,0.2433,1.1221,1.2855,1.5180,0.0036,0.7735,0.3886,0.0980,0.1307,0.0145,0.0835,0.5738,0.9551,0.2941,0.2469,0.2687,0.1198,0.5556,0.1779,0.3050,0.1852,0.0182,0.0980,0.0182,0.6936,0.1162,0.0363,0.3341,0.0182,0.2506,0.7808,0.4902,0.4467,0.0073,0.5810,0.6210,0.2106,0.1017,0.1743,0.0872,0.0799,0.5919,0.2469,0.2542,0.2833,0.2615,0.1017,0.0545,0.1961,0.2324,0.0363,0.4721,0.5193,0.0073,0.1489,0.4358,0.0472,0.0472,0.0690,0.1198,0.4975,0.0327,0.4176,0.0254,0.3414
2014Q3,2.4483,2.8838,0.5058,0.4672,2.9084,2.9295,0.9238,1.1030,3.0735,1.0151,0.8009,2.2762,1.1556,2.7293,0.7798,0.2389,0.3196,1.4823,0.4180,0.3899,2.1005,0.1581,0.7763,0.4391,0.7341,0.8852,0.1475,0.1932,1.2575,1.0222,0.4566,0.6007,0.0632,0.0070,0.1475,0.2915,1.1873,1.3980,1.4823,0.0070,0.8219,0.3829,0.1159,0.1686,0.0246,0.0984,0.5585,0.9062,0.3618,0.2740,0.2459,0.1089,0.5409,0.2072,0.3056,0.1932,0.0141,0.1159,0.0281,0.6955,0.0984,0.0351,0.3372,0.0141,0.2283,0.8184,0.4742,0.5128,0.0141,0.5690,0.5901,0.1897,0.1194,0.1475,0.1019,0.0703,0.6147,0.2248,0.2529,0.2810,0.2283,0.1054,0.0597,0.1721,0.2283,0.0562,0.4777,0.4777,0.0070,0.1897,0.4110,0.0386,0.0492,0.0597,0.1124,0.5199,0.0422,0.4601,0.0351,0.3618
2014Q4,2.4802,2.8740,0.5389,0.4836,2.9673,2.8533,0.9672,1.1054,3.0295,1.0778,0.8774,2.3144,1.1848,2.6668,0.7703,0.2349,0.3213,1.5579,0.4352,0.3834,2.0622,0.1554,0.7841,0.4491,0.7530,0.9327,0.1554,0.1934,1.2919,1.0052,0.5112,0.6356,0.0760,0.0069,0.1554,0.3213,1.2574,1.3714,1.4336,0.0069,0.8325,0.3800,0.1140,0.1831,0.0242,0.1071,0.6045,0.8740,0.3869,0.2694,0.2349,0.1209,0.5527,0.2211,0.3040,0.2176,0.0276,0.1071,0.0345,0.6494,0.1071,0.0276,0.3385,0.0104,0.1969,0.8705,0.5078,0.5216,0.0173,0.5665,0.5803,0.1658,0.1347,0.1451,0.1071,0.0864,0.6149,0.2245,0.2763,0.2694,0.2487,0.0967,0.0760,0.1693,0.2314,0.0725,0.4836,0.4974,0.0069,0.1831,0.4594,0.0449,0.0553,0.0656,0.1174,0.5458,0.0415,0.5078,0.0345,0.3523
2015Q1,2.5896,2.8657,0.6263,0.5152,2.9634,2.9027,0.9631,1.1348,2.9836,1.2089,0.8856,2.2562,1.2527,2.5391,0.7408,0.2425,0.3132,1.5995,0.5321,0.3468,2.0440,0.1246,0.7711,0.4950,0.7914,0.9261,0.1751,0.2694,1.2426,0.9496,0.4916,0.5994,0.0673,0.0101,0.1987,0.2930,1.3773,1.2965,1.3706,0.0101,0.8486,0.3873,0.1145,0.2054,0.0303,0.1145,0.6196,0.9193,0.4310,0.2593,0.2256,0.1381,0.5657,0.2660,0.3165,0.2155,0.0236,0.1044,0.0404,0.5960,0.0808,0.0370,0.3233,0.0168,0.1987,0.8654,0.4681,0.4950,0.0269,0.5287,0.6028,0.1785,0.1347,0.2256,0.1179,0.1111,0.6398,0.1987,0.2290,0.2795,0.2425,0.0943,0.0775,0.1313,0.2627,0.0673,0.4344,0.5152,0.0034,0.2223,0.4344,0.0370,0.0505,0.1044,0.1381,0.5354,0.0471,0.5287,0.0404,0.3738
2015Q2,2.7813,3.0503,0.6593,0.5412,2.9191,2.8338,0.9118,1.1414,3.0273,1.2562,1.0299,2.2106,1.3054,2.6108,0.7675,0.2230,0.3116,1.6039,0.5379,0.2952,2.1418,0.1345,0.7281,0.5281,0.8692,1.0332,0.1935,0.2689,1.2496,0.9643,0.5379,0.5609,0.0525,0.0098,0.2034,0.2755,1.4792,1.3054,1.3513,0.0066,0.8790,0.3969,0.0754,0.2198,0.0230,0.1542,0.6297,0.8724,0.4756,0.2591,0.2853,0.1509,0.6429,0.3017,0.2919,0.1902,0.0262,0.1214,0.0361,0.5707,0.1115,0.0525,0.3477,0.0197,0.1804,0.8593,0.4198,0.5281,0.0295,0.5018,0.6166,0.1574,0.1443,0.2493,0.1378,0.1279,0.6297,0.1968,0.2460,0.2853,0.2263,0.0820,0.0820,0.1050,0.2952,0.0590,0.4264,0.5051,0.0098,0.2624,0.4690,0.0361,0.0426,0.1148,0.1214,0.5445,0.0459,0.5313,0.0262,0.4297
2015Q3,2.8658,3.0657,0.7511,0.5416,2.8658,2.7691,0.9606,1.0831,3.0431,1.3894,1.1218,2.1437,1.3378,2.5886,0.8446,0.2289,0.3224,1.5667,0.6705,0.2805,2.0921,0.1161,0.6802,0.5899,0.9477,1.0606,0.2160,0.3288,1.1863,1.0735,0.5738,0.5609,0.0612,0.0129,0.2482,0.2289,1.5377,1.2089,1.3410,0.0032,0.9542,0.4030,0.0806,0.2676,0.0226,0.1644,0.7479,0.8639,0.4674,0.2547,0.3288,0.2160,0.7253,0.3127,0.2708,0.1741,0.0290,0.1289,0.0355,0.4868,0.1225,0.0548,0.3385,0.0290,0.1837,0.8317,0.4126,0.5416,0.0290,0.5287,0.6641,0.1612,0.1612,0.2998,0.1386,0.1418,0.6415,0.2547,0.2611,0.2805,0.2579,0.0741,0.0838,0.1289,0.3417,0.0580,0.4158,0.5577,0.0097,0.2772,0.4932,0.0484,0.0516,0.1547,0.1580,0.5545,0.0355,0.5383,0.0161,0.4320
2015Q4,2.9904,3.1946,0.8298,0.5745,2.8882,2.8755,0.8936,1.0947,3.0223,1.4170,1.1457,2.0648,1.4393,2.5787,0.8074,0.1947,0.3032,1.5446,0.6989,0.2936,2.1031,0.1021,0.6159,0.5968,0.9542,1.1361,0.2330,0.3574,1.1202,1.0532,0.5808,0.5585,0.0415,0.0128,0.2649,0.2138,1.5957,1.2032,1.3691,0.0032,0.9798,0.3830,0.0798,0.2904,0.0287,0.1532,0.7372,0.8425,0.4819,0.3096,0.3511,0.2170,0.7436,0.3319,0.2585,0.1564,0.0160,0.1404,0.0351,0.4723,0.1085,0.0638,0.3766,0.0287,0.1787,0.7883,0.3925,0.5170,0.0287,0.5074,0.7532,0.1691,0.1851,0.3191,0.1245,0.1340,0.6255,0.2904,0.2553,0.2936,0.2425,0.0702,0.0702,0.1277,0.3383,0.0447,0.4053,0.5106,0.0096,0.3064,0.4723,0.0447,0.0543,0.1628,0.1468,0.5489,0.0351,0.4979,0.0191,0.4628
2016Q1,3.1835,3.3467,0.9827,0.6813,2.8632,2.9009,0.9262,1.1083,3.0453,1.4976,1.2589,2.0909,1.5509,2.6529,0.8445,0.2041,0.3108,1.5384,0.7221,0.3171,2.1192,0.1130,0.6216,0.6248,1.0580,1.2401,0.2794,0.3799,1.0957,1.0486,0.6656,0.5620,0.0314,0.0126,0.2826,0.2292,1.6231,1.2087,1.4002,0.0000,1.0831,0.3548,0.1067,0.3579,0.0314,0.1821,0.7755,0.7755,0.5086,0.3579,0.4709,0.2606,0.7786,0.3202,0.2229,0.1538,0.0220,0.1758,0.0345,0.4866,0.1067,0.0691,0.4081,0.0314,0.1664,0.8194,0.3987,0.5588,0.0345,0.5337,0.7880,0.1633,0.2009,0.2983,0.1287,0.1570,0.6342,0.3736,0.2951,0.3140,0.2480,0.0597,0.0816,0.1381,0.3485,0.0691,0.4395,0.4866,0.0063,0.3485,0.5431,0.0597,0.0628,0.1852,0.1570,0.5620,0.0220,0.5055,0.0188,0.4395
2016Q2,3.4309,3.3077,1.1457,0.7330,2.8950,3.0274,1.0471,1.0810,3.1537,1.4968,1.2103,2.1035,1.6076,2.6486,0.7946,0.2248,0.3049,1.4937,0.8007,0.3665,2.1528,0.1140,0.6375,0.6129,1.0810,1.2596,0.3665,0.4281,1.0594,1.0841,0.6991,0.5574,0.0308,0.0154,0.2895,0.2248,1.6230,1.2596,1.2904,0.0000,1.1056,0.3049,0.1355,0.3757,0.0616,0.2033,0.8069,0.7792,0.5359,0.4281,0.4558,0.2772,0.7361,0.3141,0.1940,0.1540,0.0185,0.1755,0.0431,0.5020,0.0739,0.0893,0.3819,0.0277,0.1478,0.7669,0.3696,0.5975,0.0462,0.5698,0.8161,0.1632,0.2217,0.2772,0.1324,0.1848,0.7268,0.3696,0.3234,0.3388,0.2957,0.0708,0.0832,0.1232,0.3603,0.0924,0.4681,0.4127,0.0000,0.3295,0.4804,0.0924,0.0832,0.1879,0.1817,0.5605,0.0246,0.5143,0.0185,0.3696
2016Q3,3.6445,3.4253,1.2148,0.7977,2.8925,3.0112,1.0382,1.0322,3.2517,1.5315,1.3336,2.0430,1.6776,2.6763,0.7460,0.2070,0.2771,1.4615,0.7855,0.4049,2.2013,0.1218,0.6150,0.6516,1.1600,1.3244,0.4049,0.4384,1.0535,1.0261,0.7155,0.5359,0.0304,0.0244,0.3197,0.2223,1.5772,1.2879,1.2422,0.0030,1.1022,0.2771,0.1187,0.3897,0.0700,0.2405,0.8038,0.7520,0.5541,0.4384,0.4780,0.2588,0.7277,0.3501,0.1735,0.1583,0.0122,0.1857,0.0518,0.5237,0.0487,0.0944,0.3806,0.0304,0.1309,0.7125,0.3654,0.6120,0.0609,0.5389,0.8160,0.1401,0.2497,0.2801,0.1522,0.1857,0.7246,0.3501,0.3380,0.3501,0.3014,0.0731,0.1066,0.1248,0.3471,0.1218,0.4993,0.3715,0.0000,0.3532,0.4689,0.1035,0.0792,0.1918,0.1614,0.5024,0.0244,0.4293,0.0183,0.3958
2016Q4,3.7369,3.4401,1.2446,0.8388,2.8526,3.0101,1.1053,1.0205,3.1888,1.6201,1.4384,2.0047,1.7019,2.6467,0.7904,0.2301,0.2968,1.4082,0.8570,0.4058,2.1864,0.1151,0.5845,0.6723,1.1992,1.3779,0.4088,0.5330,1.0145,1.0569,0.7480,0.4845,0.0303,0.0242,0.3785,0.1787,1.5444,1.3022,1.1326,0.0030,1.1205,0.2695,0.1666,0.4118,0.0727,0.2574,0.8176,0.8086,0.5663,0.4452,0.5360,0.2877,0.7116,0.3634,0.1726,0.1514,0.0151,0.2059,0.0697,0.5299,0.0394,0.0999,0.3483,0.0303,0.1151,0.6783,0.3331,0.6662,0.0666,0.5481,0.7540,0.1363,0.2665,0.2756,0.1666,0.1999,0.7298,0.3816,0.3422,0.3604,0.3210,0.0727,0.1211,0.1151,0.3816,0.1393,0.4724,0.3543,0.0000,0.3695,0.4391,0.1090,0.0757,0.2120,0.2090,0.4876,0.0242,0.4300,0.0182,0.3937
2017Q1,3.9775,3.5656,1.3619,0.9109,2.9553,3.0124,1.1064,0.9410,3.1507,1.7167,1.5092,2.0985,1.7708,2.6306,0.7546,0.2014,0.2946,1.3739,0.9711,0.3968,2.1526,0.0992,0.5893,0.6885,1.2657,1.4491,0.4840,0.5712,0.9711,1.0553,0.8388,0.4419,0.0241,0.0301,0.4480,0.1563,1.5633,1.2988,0.9651,0.0030,1.1394,0.2405,0.1654,0.4359,0.0722,0.2796,0.8659,0.8388,0.5953,0.4870,0.5081,0.3578,0.7817,0.4570,0.1533,0.1383,0.0120,0.2345,0.0842,0.5652,0.0331,0.1203,0.3427,0.0331,0.0992,0.6253,0.2856,0.6975,0.0752,0.5472,0.7035,0.1112,0.2976,0.3067,0.1714,0.1804,0.7306,0.3728,0.3638,0.3908,0.3307,0.1052,0.1323,0.1142,0.4480,0.1593,0.5442,0.3127,0.0000,0.4029,0.4149,0.1533,0.1022,0.2435,0.2044,0.4480,0.0301,0.3999,0.0180,0.3968
2017Q2,4.4257,3.6475,1.4495,0.9713,3.0148,3.1069,1.0723,0.9327,3.0891,1.9485,1.6723,2.0584,1.8683,2.5841,0.7426,0.1663,0.2792,1.3366,1.0990,0.3980,2.1297,0.0861,0.5525,0.7634,1.3366,1.5980,0.5109,0.6802,0.9535,0.9535,0.8792,0.3653,0.0178,0.0416,0.5436,0.1277,1.6039,1.2624,0.9238,0.0089,1.2208,0.2287,0.1842,0.5287,0.0772,0.2673,0.9089,0.7782,0.5822,0.4545,0.5554,0.3950,0.8168,0.4812,0.1604,0.1426,0.0119,0.2406,0.0861,0.5673,0.0238,0.1248,0.3446,0.0475,0.0950,0.6119,0.3356,0.7307,0.0713,0.5495,0.6386,0.1069,0.3535,0.3861,0.1812,0.1574,0.7247,0.4723,0.3653,0.3743,0.3356,0.1010,0.1842,0.1307,0.4871,0.2168,0.5495,0.3297,0.0000,0.4574,0.4366,0.1396,0.1010,0.2762,0.2287,0.4693,0.0297,0.3356,0.0267,0.4099
2017Q3,4.7433,3.7342,1.5107,1.0854,3.1505,3.1417,1.0619,0.9299,3.0009,1.9947,1.6691,2.0211,1.8510,2.6049,0.7598,0.1760,0.2581,1.3611,1.1528,0.4048,2.0945,0.0645,0.5280,0.7774,1.2790,1.6163,0.5192,0.7070,0.9358,1.0003,0.8742,0.3256,0.0088,0.0352,0.5456,0.1232,1.5664,1.2320,0.8419,0.0059,1.2438,0.1907,0.2552,0.5544,0.0821,0.2699,1.0003,0.7686,0.5603,0.4781,0.5573,0.4312,0.8302,0.4957,0.1731,0.1525,0.0147,0.2816,0.0792,0.5603,0.0323,0.1437,0.3285,0.0528,0.0851,0.6454,0.3168,0.6952,0.0909,0.5485,0.6248,0.0997,0.3696,0.4019,0.1672,0.2112,0.7480,0.4928,0.3637,0.3813,0.3315,0.1261,0.2288,0.1144,0.5016,0.2523,0.5456,0.3197,0.0029,0.5221,0.4693,0.1437,0.1232,0.3139,0.2611,0.5368,0.0264,0.3755,0.0264,0.3960
2017Q4,4.8926,3.7580,1.5641,1.1550,3.1370,3.1399,1.0679,0.9257,3.0528,2.0459,1.6483,2.0197,1.9124,2.5856,0.7081,0.1799,0.2293,1.3465,1.1782,0.3772,2.0981,0.0784,0.5601,0.7893,1.3204,1.6744,0.5659,0.7110,0.9199,0.9837,0.9315,0.3569,0.0145,0.0406,0.5543,0.1625,1.5612,1.2304,0.8561,0.0087,1.2594,0.1828,0.2525,0.5949,0.0987,0.2873,1.0302,0.7110,0.5601,0.5107,0.5978,0.4759,0.8793,0.5514,0.1828,0.1335,0.0203,0.3192,0.0638,0.5369,0.0348,0.1538,0.3250,0.0609,0.1016,0.6674,0.3250,0.6732,0.0987,0.5252,0.6268,0.0929,0.4005,0.4353,0.1857,0.2263,0.7516,0.5049,0.3627,0.4237,0.3279,0.1219,0.2322,0.1045,0.5340,0.2641,0.5891,0.3424,0.0029,0.5398,0.5049,0.1712,0.1422,0.3424,0.2496,0.5107,0.0261,0.3656,0.0232,0.4179
2018Q1,5.2696,3.8366,1.7185,1.2874,3.1829,3.1686,1.0220,0.9249,2.9602,2.2066,1.7984,1.8612,2.0011,2.5121,0.6651,0.1684,0.1798,1.3245,1.3074,0.3682,2.0839,0.0771,0.4996,0.8364,1.3445,1.8013,0.5509,0.8621,0.8992,0.9534,0.9363,0.3311,0.0171,0.0400,0.6623,0.1684,1.4587,1.2532,0.8393,0.0086,1.2903,0.1741,0.3311,0.6765,0.1285,0.3026,1.0505,0.6823,0.5681,0.5281,0.6537,0.4624,0.8450,0.5566,0.1798,0.1256,0.0171,0.3226,0.0971,0.4796,0.0314,0.1827,0.2940,0.0828,0.1028,0.6480,0.3368,0.6794,0.1199,0.5081,0.6052,0.0971,0.4967,0.4396,0.2255,0.2341,0.7707,0.6023,0.3854,0.4225,0.3426,0.0999,0.2683,0.1028,0.5452,0.2855,0.5195,0.3711,0.0029,0.5452,0.4796,0.1770,0.1513,0.3454,0.2626,0.5624,0.0228,0.3654,0.0171,0.4682
2018Q2,5.7734,4.0179,1.9144,1.4078,3.3989,3.0812,0.9832,0.9449,3.0401,2.2184,1.8432,1.8186,1.9993,2.5005,0.6436,0.1561,0.1506,1.2845,1.3804,0.3560,2.0404,0.0685,0.5313,0.8381,1.4050,1.7830,0.5697,0.8983,0.8545,0.9887,0.9668,0.3424,0.0137,0.0246,0.6738,0.1616,1.4324,1.2927,0.7915,0.0027,1.2434,0.1616,0.3396,0.6765,0.1260,0.4108,1.1065,0.6655,0.6491,0.5587,0.7176,0.5176,0.8682,0.5615,0.1589,0.1178,0.0192,0.3396,0.1013,0.4300,0.0383,0.1780,0.2520,0.0822,0.0822,0.6464,0.2876,0.6518,0.1369,0.4875,0.6299,0.0986,0.5368,0.4136,0.2711,0.2848,0.7450,0.5642,0.3999,0.4656,0.3150,0.0849,0.2711,0.1013,0.5697,0.3341,0.5012,0.3697,0.0027,0.5478,0.4492,0.2082,0.1479,0.4081,0.2794,0.5313,0.0110,0.3889,0.0055,0.4985
2018Q3,6.2228,4.1494,2.0973,1.5139,3.3063,3.1180,1.0420,0.9386,3.0014,2.3120,1.9302,1.8401,2.1317,2.4181,0.5966,0.1273,0.1352,1.2409,1.4742,0.3765,1.9965,0.0689,0.5541,0.8431,1.5749,1.8533,0.6125,1.0526,0.8378,0.9386,1.0420,0.3606,0.0159,0.0345,0.7556,0.1856,1.4291,1.3443,0.7689,0.0053,1.2859,0.1670,0.3553,0.7477,0.1617,0.4507,1.1454,0.6761,0.6841,0.6231,0.7981,0.5488,0.8988,0.6390,0.1432,0.1034,0.0186,0.3712,0.1379,0.4295,0.0318,0.1989,0.2519,0.0875,0.0795,0.6337,0.2731,0.6735,0.1220,0.4507,0.6231,0.0955,0.5409,0.3977,0.3208,0.2678,0.7583,0.6231,0.4322,0.5038,0.3129,0.0477,0.2492,0.1008,0.6151,0.3420,0.5091,0.3420,0.0000,0.5170,0.4534,0.2227,0.1432,0.4322,0.2757,0.4826,0.0053,0.3765,0.0027,0.4958
2018Q4,6.3560,4.2556,2.2545,1.6171,3.3282,3.1218,0.9823,0.9274,2.9834,2.4139,1.9828,1.8391,2.1474,2.4139,0.5878,0.1176,0.1254,1.2722,1.4891,0.3683,1.9750,0.0679,0.5669,0.8856,1.6066,1.8182,0.6557,1.0737,0.8334,0.9039,1.0450,0.3265,0.0104,0.0470,0.8334,0.1750,1.3793,1.3637,0.7262,0.0026,1.3297,0.1594,0.3919,0.7785,0.1646,0.4676,1.1468,0.6923,0.7106,0.6035,0.8020,0.5382,0.9405,0.6662,0.1254,0.1019,0.0157,0.3971,0.1437,0.4650,0.0340,0.2168,0.2508,0.0940,0.0731,0.6191,0.2769,0.7184,0.1228,0.4990,0.6270,0.0914,0.5747,0.4101,0.3265,0.2769,0.7393,0.6400,0.4650,0.4990,0.2978,0.0522,0.2691,0.1071,0.6270,0.3501,0.5146,0.3265,0.0000,0.5434,0.4911,0.2142,0.1437,0.4258,0.2900,0.4990,0.0052,0.3631,0.0026,0.5042
2019Q1,6.5528,4.3935,2.4409,1.7460,3.3733,3.1357,0.9996,0.9118,3.2054,2.4538,2.0353,1.7564,2.1438,2.5183,0.5812,0.1214,0.1188,1.2398,1.4723,0.3771,2.1206,0.0697,0.5502,0.8885,1.6350,1.8545,0.7180,1.1236,0.8136,0.8808,1.1210,0.3384,0.0155,0.0620,0.8808,0.1576,1.4284,1.4103,0.7077,0.0026,1.3276,0.1317,0.4184,0.8601,0.1782,0.5476,1.1804,0.6793,0.7258,0.6535,0.8317,0.6018,0.9841,0.6767,0.1472,0.0904,0.0232,0.4830,0.1705,0.4210,0.0387,0.2170,0.2531,0.0982,0.0646,0.5812,0.2712,0.7749,0.1136,0.4959,0.6173,0.0956,0.6122,0.4029,0.3771,0.3487,0.7180,0.6173,0.4649,0.5450,0.3125,0.0594,0.2790,0.0878,0.6509,0.3797,0.5295,0.3306,0.0000,0.5088,0.5527,0.2221,0.1446,0.4623,0.3099,0.4778,0.0103,0.3513,0.0052,0.4701
2019Q2,7.0023,4.6050,2.6218,1.9832,3.2903,3.2878,1.0552,0.8631,3.3278,2.5270,2.2127,1.7637,2.1877,2.5295,0.5862,0.1073,0.1197,1.1949,1.5691,0.3592,2.1453,0.0698,0.4964,1.0078,1.6315,1.9408,0.7608,1.2697,0.7633,0.8656,1.1924,0.3168,0.0200,0.0798,1.0178,0.1497,1.4369,1.4044,0.6536,0.0025,1.4693,0.1048,0.4815,0.9454,0.2120,0.5962,1.2124,0.6785,0.7683,0.7110,0.8556,0.6261,1.0053,0.7409,0.1646,0.0848,0.0200,0.5987,0.2120,0.4515,0.0299,0.2744,0.2819,0.1148,0.0574,0.5613,0.2569,0.8482,0.1621,0.4889,0.5862,0.0823,0.6436,0.4415,0.4116,0.4091,0.7035,0.6411,0.4889,0.5438,0.4016,0.0599,0.3093,0.0948,0.6561,0.4440,0.5488,0.2794,0.0000,0.5089,0.6012,0.2694,0.1871,0.4590,0.3268,0.4415,0.0175,0.3218,0.0050,0.4341
2019Q3,7.3260,4.7083,2.8039,2.0956,3.3627,3.2990,0.9951,0.8309,3.4485,2.5588,2.2574,1.7034,2.1814,2.5588,0.5882,0.1225,0.1201,1.1740,1.6740,0.3480,2.2157,0.0760,0.4583,1.0833,1.6176,2.0000,0.7917,1.3113,0.7426,0.8456,1.2230,0.2745,0.0196,0.0980,1.1029,0.1275,1.4265,1.4363,0.6422,0.0000,1.4461,0.1005,0.5294,1.0000,0.2304,0.6642,1.2083,0.6544,0.8505,0.7230,0.9191,0.6324,0.9853,0.7255,0.1667,0.0858,0.0196,0.6250,0.2255,0.4240,0.0245,0.3088,0.2672,0.1127,0.0539,0.5564,0.2525,0.8382,0.2132,0.5172,0.5931,0.0735,0.7034,0.4559,0.4436,0.4559,0.6716,0.6716,0.5025,0.5735,0.4436,0.0760,0.3578,0.0809,0.6667,0.4779,0.5392,0.2623,0.0000,0.5245,0.6029,0.3137,0.2402,0.4779,0.3431,0.4314,0.0221,0.3088,0.0049,0.4118
2019Q4,7.5560,4.7514,2.9019,2.1460,3.3806,3.2373,1.0086,0.8360,3.4293,2.6102,2.3332,1.6697,2.1557,2.5373,0.5857,0.1239,0.1167,1.1763,1.7717,0.3573,2.2116,0.0802,0.4399,1.0961,1.6454,2.0342,0.7947,1.3780,0.7218,0.8555,1.3124,0.2600,0.0170,0.1021,1.1569,0.1215,1.4339,1.4242,0.6270,0.0000,1.4072,0.1094,0.5663,1.0256,0.2625,0.7170,1.2128,0.6173,0.8385,0.7461,0.9187,0.6659,0.9916,0.7048,0.1580,0.0826,0.0170,0.6465,0.2430,0.3937,0.0243,0.3330,0.2576,0.1118,0.0437,0.5760,0.2430,0.8069,0.2430,0.4691,0.5833,0.0608,0.6951,0.4666,0.4739,0.4472,0.6684,0.6659,0.4934,0.5930,0.4836,0.0656,0.3791,0.0778,0.6829,0.4982,0.5663,0.2746,0.0000,0.5371,0.6027,0.3475,0.2649,0.4812,0.3378,0.4326,0.0194,0.3281,0.0073,0.4059
2020Q1,7.9967,4.9727,3.0673,2.3023,3.4017,3.1900,1.0224,0.8805,3.3777,2.6367,2.4659,1.6792,2.2229,2.4755,0.5605,0.1059,0.1179,1.2366,1.9078,0.3705,2.1315,0.0722,0.4619,1.2053,1.6720,2.0497,0.8324,1.4242,0.7338,0.8228,1.3063,0.2334,0.0168,0.1155,1.1740,0.1299,1.3977,1.4242,0.5798,0.0000,1.4170,0.1179,0.6351,0.9767,0.3296,0.7650,1.2125,0.5918,0.8685,0.7410,0.9575,0.6760,0.9936,0.7025,0.1371,0.0914,0.0096,0.6351,0.2454,0.4138,0.0192,0.3801,0.2502,0.1227,0.0433,0.5894,0.2213,0.7795,0.2863,0.4258,0.5966,0.0505,0.6977,0.5605,0.4739,0.4354,0.6953,0.7025,0.5245,0.6111,0.5269,0.0650,0.4162,0.0770,0.6736,0.5317,0.6014,0.2382,0.0000,0.5774,0.5533,0.3945,0.3007,0.4595,0.3585,0.3969,0.0120,0.3176,0.0048,0.4042
2020Q2,8.4356,5.0551,3.5159,2.4351,3.3154,3.1513,1.0313,0.8673,3.3258,2.7841,2.5575,1.5392,2.2840,2.4950,0.5287,0.1042,0.1146,1.2319,1.9767,0.3907,2.0991,0.0677,0.4271,1.2475,1.8100,2.0444,0.9219,1.3751,0.7527,0.7995,1.3386,0.2162,0.0156,0.1172,1.1589,0.1380,1.3647,1.4715,0.5365,0.0000,1.3517,0.1016,0.7084,1.0444,0.4297,0.8360,1.2397,0.5469,0.9219,0.8308,1.0027,0.7318,0.9923,0.7344,0.1172,0.0859,0.0078,0.6146,0.2787,0.3854,0.0234,0.4089,0.2292,0.1432,0.0521,0.5964,0.2162,0.7292,0.3542,0.3907,0.6172,0.0469,0.7266,0.5573,0.4922,0.5000,0.6381,0.7318,0.5261,0.6381,0.5651,0.0703,0.4818,0.0469,0.6537,0.5547,0.6250,0.2344,0.0000,0.6198,0.5521,0.4037,0.3386,0.4480,0.3881,0.3985,0.0052,0.2995,0.0078,0.3776
2020Q3,8.7679,5.1290,3.8380,2.5228,3.3162,3.2570,1.0704,0.8553,3.4345,2.9182,2.6223,1.4873,2.2108,2.5766,0.4949,0.0780,0.1157,1.2318,1.9876,0.3577,2.1839,0.0538,0.4223,1.3851,1.8504,2.0521,1.0247,1.4362,0.7450,0.8042,1.4013,0.2205,0.0134,0.0995,1.1565,0.1399,1.3905,1.5330,0.5164,0.0000,1.4093,0.1022,0.7719,1.1296,0.5137,0.8660,1.1942,0.5137,0.9817,0.9144,1.0005,0.7558,0.9736,0.7907,0.1130,0.0672,0.0054,0.6912,0.3120,0.3712,0.0242,0.4007,0.2609,0.1775,0.0430,0.5702,0.1963,0.7665,0.4088,0.3523,0.6482,0.0538,0.7719,0.5783,0.4949,0.5433,0.6347,0.7100,0.5621,0.6025,0.6159,0.0645,0.4760,0.0457,0.6616,0.5729,0.6428,0.2528,0.0000,0.6159,0.5567,0.4223,0.3550,0.4653,0.4007,0.3712,0.0027,0.2878,0.0081,0.3658
2020Q4,8.8715,5.2289,4.0588,2.5374,3.3454,3.3427,1.0998,0.8053,3.5616,2.8968,2.6617,1.4592,2.2699,2.6563,0.4729,0.0567,0.1189,1.2025,1.9267,0.3378,2.2888,0.0351,0.3918,1.4808,1.9267,2.0051,1.0863,1.4160,0.7404,0.7647,1.3755,0.2378,0.0162,0.0892,1.1133,0.1216,1.3700,1.5862,0.5323,0.0000,1.4079,0.0757,0.7891,1.1755,0.5783,0.8350,1.2025,0.5269,1.0755,0.9512,1.0512,0.7783,0.9161,0.8134,0.1135,0.0676,0.0027,0.6810,0.3297,0.3648,0.0162,0.4134,0.2621,0.2081,0.0459,0.5378,0.1892,0.8053,0.4189,0.3621,0.6458,0.0649,0.7674,0.5810,0.4648,0.5756,0.6269,0.7350,0.5864,0.5837,0.6242,0.0757,0.4513,0.0405,0.6296,0.5837,0.5729,0.2378,0.0000,0.6080,0.4918,0.4405,0.3648,0.4459,0.4297,0.3270,0.0027,0.2378,0.0054,0.3108
2021Q1,9.0372,5.3702,4.2231,2.6676,3.3070,3.4601,1.0585,0.7844,3.6912,2.9954,2.6676,1.4641,2.3077,2.6569,0.4755,0.0484,0.0994,1.1122,1.8751,0.2982,2.3426,0.0403,0.3788,1.5340,2.0363,1.8939,1.2089,1.4292,0.6770,0.7791,1.4238,0.2713,0.0107,0.0940,1.1713,0.1155,1.3110,1.6226,0.5507,0.0000,1.4265,0.0860,0.8570,1.2895,0.6582,0.8677,1.1605,0.5507,1.1444,0.9967,1.0719,0.7952,0.9429,0.8812,0.1101,0.0672,0.0054,0.7012,0.4137,0.3734,0.0107,0.4379,0.2606,0.2660,0.0349,0.5588,0.1934,0.8113,0.4674,0.3815,0.6447,0.0698,0.7898,0.5346,0.4782,0.5803,0.5615,0.7683,0.5991,0.6152,0.6125,0.0725,0.4970,0.0403,0.6044,0.6044,0.5722,0.2391,0.0000,0.6098,0.4782,0.4701,0.3949,0.4379,0.4379,0.3063,0.0054,0.2042,0.0081,0.3063
2021Q2,9.0865,5.5720,4.2708,2.7118,3.5072,3.4366,0.9607,0.7151,3.6482,2.9064,2.6608,1.5323,2.3422,2.6219,0.4548,0.0535,0.0754,1.1309,1.9530,0.2748,2.4054,0.0438,0.3794,1.4836,2.0527,1.8144,1.3328,1.5079,0.5983,0.7880,1.3742,0.2821,0.0122,0.1192,1.2136,0.1265,1.3474,1.5493,0.5497,0.0000,1.4642,0.0949,0.8902,1.3304,0.7442,0.8829,1.1577,0.5861,1.1212,0.9315,1.0239,0.7710,0.9923,0.8829,0.1046,0.0584,0.0024,0.7248,0.4621,0.3600,0.0122,0.4208,0.2238,0.2724,0.0462,0.6032,0.1775,0.7807,0.4548,0.3916,0.6178,0.0632,0.7394,0.5618,0.5108,0.5521,0.5837,0.7321,0.5959,0.6591,0.5716,0.0803,0.4451,0.0486,0.5910,0.5326,0.5108,0.2359,0.0000,0.5643,0.4937,0.4840,0.3600,0.4791,0.4427,0.2797,0.0049,0.2116,0.0073,0.3210
2021Q3,9.1598,5.7755,4.2996,2.7482,3.5536,3.3751,0.9473,0.7299,3.5673,3.0525,2.7207,1.6040,2.4736,2.4553,0.4439,0.0503,0.0732,1.1784,2.1120,0.2929,2.2768,0.0526,0.3707,1.5537,2.0594,1.8558,1.4279,1.5651,0.5309,0.7917,1.4370,0.2837,0.0137,0.1556,1.3020,0.1236,1.3867,1.4690,0.5194,0.0000,1.4462,0.0778,0.9382,1.3752,0.8032,0.9176,1.1784,0.6132,1.0983,0.9313,1.0022,0.8810,1.0572,0.8466,0.0984,0.0572,0.0046,0.8146,0.5149,0.4302,0.0137,0.4920,0.1876,0.2906,0.0481,0.5812,0.1831,0.8169,0.4485,0.3913,0.5789,0.0664,0.7231,0.5858,0.5629,0.5560,0.5354,0.7391,0.5698,0.6773,0.5721,0.0824,0.4828,0.0503,0.5629,0.5743,0.5309,0.1991,0.0000,0.5766,0.5011,0.5446,0.3432,0.4622,0.4622,0.2998,0.0046,0.2037,0.0069,0.3135
2021Q4,9.2186,5.8979,4.2821,2.9378,3.5944,3.2939,0.9170,0.7567,3.4920,3.1426,2.7041,1.5936,2.5795,2.4259,0.4696,0.0579,0.0690,1.1885,2.2190,0.3160,2.2412,0.0534,0.3761,1.5379,2.0298,1.9207,1.4667,1.6514,0.5342,0.7701,1.4845,0.2582,0.0111,0.1825,1.3888,0.1380,1.4021,1.4333,0.5052,0.0000,1.4711,0.0913,0.9726,1.3398,0.8502,0.9659,1.1863,0.6165,1.0728,0.9548,0.9526,0.9147,1.0817,0.8346,0.1046,0.0579,0.0045,0.8569,0.5631,0.4340,0.0156,0.5074,0.1758,0.2893,0.0512,0.5787,0.1669,0.8035,0.4607,0.3739,0.6031,0.0601,0.7678,0.6054,0.6031,0.5386,0.5252,0.7011,0.5675,0.6966,0.5542,0.0779,0.5052,0.0556,0.6143,0.5853,0.5653,0.1669,0.0000,0.5520,0.5186,0.5609,0.3338,0.5297,0.4963,0.3205,0.0045,0.2203,0.0067,0.3383
2022Q1,9.2870,5.9548,4.3947,2.9904,3.5854,3.2565,0.9153,0.7573,3.4296,3.2219,2.6571,1.5601,2.6485,2.4083,0.4652,0.0584,0.1039,1.1382,2.2287,0.3354,2.1984,0.0519,0.3289,1.6293,2.0210,1.8782,1.5276,1.6510,0.5280,0.7595,1.5082,0.2229,0.0108,0.2294,1.4800,0.1233,1.4497,1.3394,0.4587,0.0000,1.5276,0.0779,1.0451,1.3199,0.9413,0.9456,1.2009,0.6124,1.0970,1.0062,0.9564,0.9586,1.0516,0.8352,0.0887,0.0498,0.0043,0.9304,0.5712,0.4457,0.0130,0.5474,0.1774,0.3094,0.0476,0.5453,0.1601,0.7552,0.4566,0.3657,0.6188,0.0519,0.7422,0.6556,0.6080,0.5777,0.4977,0.6773,0.5648,0.6859,0.5799,0.0801,0.4609,0.0628,0.6340,0.5539,0.5388,0.1623,0.0000,0.5691,0.5345,0.5388,0.3267,0.5561,0.5171,0.3159,0.0065,0.2056,0.0087,0.3332
2022Q2,9.4513,6.1138,4.5573,3.1575,3.4646,3.2358,0.9763,0.7687,3.4624,3.3608,2.6132,1.5607,2.7636,2.3909,0.4765,0.0635,0.1101,1.1351,2.1749,0.3431,2.1749,0.0466,0.3219,1.7302,1.9716,1.8466,1.7090,1.6899,0.5485,0.7963,1.6264,0.1927,0.0106,0.2605,1.5205,0.1059,1.4506,1.3087,0.4235,0.0000,1.5502,0.0741,1.1330,1.2833,1.0567,0.9572,1.1626,0.6014,1.0843,1.1181,1.0186,0.9932,1.0652,0.7899,0.0762,0.0529,0.0085,0.9763,0.5993,0.4977,0.0085,0.6141,0.1842,0.3642,0.0381,0.5273,0.1567,0.7370,0.4553,0.3854,0.6163,0.0424,0.7963,0.6840,0.6099,0.5760,0.4553,0.6798,0.5781,0.6925,0.5591,0.0678,0.4701,0.0529,0.6014,0.5845,0.6014,0.1631,0.0000,0.5548,0.5040,0.5908,0.3642,0.5803,0.5315,0.3494,0.0085,0.2012,0.0064,0.3049
2022Q3,9.5924,6.2678,4.5284,3.3674,3.5152,3.2067,1.0518,0.7519,3.4831,3.3010,2.7205,1.5359,2.8404,2.4206,0.4841,0.0814,0.1221,1.0603,2.0200,0.3492,2.1764,0.0536,0.3020,1.6751,1.9472,1.7501,1.7694,1.6794,0.5612,0.7669,1.6387,0.1906,0.0086,0.3277,1.5445,0.1071,1.4031,1.2617,0.3941,0.0000,1.5359,0.0750,1.1696,1.2081,1.1396,0.9618,1.2017,0.5848,1.0389,1.1118,1.0111,1.0304,1.0539,0.8183,0.0793,0.0578,0.0064,0.9275,0.6255,0.4713,0.0064,0.6362,0.1735,0.3941,0.0386,0.5655,0.1542,0.6598,0.4520,0.3749,0.5655,0.0428,0.8076,0.7412,0.5805,0.5762,0.4606,0.6898,0.5912,0.6790,0.5441,0.0664,0.4541,0.0557,0.6041,0.5270,0.5677,0.1864,0.0000,0.5591,0.4863,0.5441,0.3920,0.5591,0.5462,0.3342,0.0064,0.1906,0.0086,0.3170
2022Q4,9.7687,6.3076,4.5113,3.3780,3.5224,3.2315,1.0808,0.7067,3.5662,3.2555,2.7370,1.5359,2.8070,2.4285,0.4660,0.0810,0.1269,1.0086,2.0763,0.3260,2.1900,0.0591,0.2932,1.7437,1.9778,1.7612,1.8269,1.7196,0.5513,0.8117,1.5906,0.1903,0.0088,0.3632,1.5512,0.1072,1.3915,1.2471,0.3676,0.0000,1.5818,0.0634,1.2033,1.2099,1.1902,0.9605,1.2143,0.5907,1.0611,1.1355,1.0611,1.0108,1.0480,0.8598,0.0678,0.0525,0.0066,0.9408,0.6367,0.4748,0.0109,0.6542,0.1728,0.4266,0.0284,0.5667,0.1488,0.6104,0.4573,0.3851,0.5535,0.0416,0.7723,0.7504,0.5645,0.6126,0.4682,0.6914,0.6192,0.6957,0.6038,0.0700,0.4594,0.0459,0.5973,0.5404,0.5557,0.1882,0.0000,0.5710,0.5141,0.5360,0.4223,0.5054,0.5185,0.3129,0.0066,0.1860,0.0088,0.2975
2023Q1,10.0908,6.4435,4.6188,3.4516,3.5767,3.2422,1.0944,0.6507,3.6359,3.1626,2.8600,1.5563,2.7258,2.4709,0.4596,0.0910,0.1115,1.0170,2.2002,0.3322,2.2434,0.0546,0.3049,1.7884,1.9636,1.8339,1.9408,1.7906,0.5347,0.7804,1.5540,0.1888,0.0068,0.4186,1.4926,0.1047,1.3834,1.2400,0.3390,0.0000,1.5745,0.0592,1.2514,1.2468,1.2104,1.0125,1.2650,0.5984,1.1217,1.1718,1.0762,1.0125,1.0489,0.9670,0.0796,0.0523,0.0046,0.9147,0.6871,0.4824,0.0228,0.7031,0.1456,0.4778,0.0364,0.5916,0.1320,0.6029,0.4937,0.4164,0.5552,0.0478,0.7963,0.6917,0.5734,0.6325,0.4687,0.6439,0.6712,0.7008,0.6302,0.0637,0.4892,0.0410,0.5847,0.5529,0.5506,0.1843,0.0000,0.5506,0.5233,0.5802,0.4391,0.4755,0.5256,0.3140,0.0068,0.1979,0.0046,0.3072
2023Q2,10.5162,6.3958,4.5894,3.6682,3.7572,3.1438,1.0920,0.6446,3.6008,3.0861,2.9802,1.5659,2.6579,2.4270,0.4690,0.0818,0.1106,0.9718,2.3717,0.3416,2.1889,0.0601,0.3031,1.8810,2.0061,1.9026,1.9676,1.8497,0.5292,0.7505,1.5322,0.2333,0.0072,0.6518,1.5009,0.1299,1.3181,1.2147,0.3151,0.0000,1.5466,0.0553,1.2772,1.2388,1.1474,1.1474,1.3013,0.6158,1.1329,1.1305,1.0896,1.0054,0.9910,1.0487,0.0914,0.0505,0.0024,0.9285,0.6783,0.5003,0.0265,0.7601,0.1347,0.5316,0.0289,0.5797,0.1371,0.6013,0.5653,0.3776,0.5629,0.0577,0.7986,0.6663,0.6086,0.6976,0.4642,0.6855,0.6879,0.7433,0.7168,0.0625,0.5292,0.0529,0.6254,0.5749,0.4955,0.1948,0.0000,0.5773,0.5629,0.5893,0.4402,0.4402,0.5725,0.2910,0.0072,0.1924,0.0048,0.3079
2023Q3,11.0760,6.4066,4.7497,3.8987,3.7907,3.0025,1.0719,0.5975,3.5422,3.0476,3.0878,1.5640,2.4928,2.4125,0.4820,0.0628,0.0854,0.9766,2.5129,0.3264,2.2067,0.0377,0.3163,1.9581,2.0334,1.8652,1.9732,1.8828,0.5071,0.7481,1.5238,0.2159,0.0050,0.7983,1.5012,0.1130,1.3004,1.2025,0.3013,0.0000,1.5464,0.0527,1.3255,1.2301,1.1724,1.3079,1.3280,0.6301,1.1673,1.1473,1.1297,0.9038,0.9038,1.0795,0.0828,0.0552,0.0025,0.8937,0.7079,0.5247,0.0251,0.7908,0.1331,0.6025,0.0251,0.5799,0.1356,0.5925,0.6427,0.3690,0.6201,0.0477,0.7657,0.6452,0.7155,0.7481,0.4393,0.6452,0.7130,0.7581,0.7481,0.0577,0.5950,0.0452,0.6477,0.6351,0.5247,0.1707,0.0000,0.5648,0.5749,0.6025,0.4870,0.4243,0.5473,0.2837,0.0100,0.1908,0.0025,0.2987
2023Q4,11.2263,6.3697,4.9029,3.9749,3.7275,2.9593,1.0852,0.6006,3.5367,3.0753,3.0547,1.5647,2.3664,2.3432,0.4898,0.0567,0.0799,0.9718,2.5005,0.3377,2.1731,0.0335,0.2990,1.9617,1.9875,1.7864,2.0004,1.8818,0.5052,0.7321,1.6034,0.2165,0.0052,0.9048,1.5389,0.1005,1.3044,1.2038,0.2836,0.0000,1.4668,0.0541,1.3482,1.2708,1.1548,1.3353,1.3301,0.6599,1.1832,1.1110,1.1394,0.9383,0.8868,1.0801,0.0799,0.0541,0.0026,0.9280,0.7862,0.5336,0.0206,0.8481,0.1469,0.6599,0.0284,0.6161,0.1340,0.6341,0.6805,0.3557,0.5929,0.0490,0.7888,0.6341,0.7553,0.7708,0.4202,0.6857,0.7063,0.7553,0.7347,0.0593,0.6161,0.0567,0.6135,0.6393,0.5336,0.1882,0.0000,0.5568,0.5491,0.6006,0.4872,0.4434,0.5284,0.2861,0.0103,0.1804,0.0026,0.2939
2024Q1,11.5850,6.4729,4.7627,4.2014,3.8255,2.8512,1.1463,0.5983,3.3807,3.0630,3.1848,1.5223,2.2768,2.1629,0.4898,0.0450,0.0741,1.0060,2.5389,0.3309,1.9882,0.0318,0.3045,1.9776,1.9511,1.7182,1.9458,1.9194,0.4818,0.7492,1.7261,0.2224,0.0053,1.1384,1.6202,0.1138,1.2178,1.1940,0.2409,0.0000,1.3740,0.0503,1.3343,1.3210,1.2125,1.3528,1.3634,0.6566,1.1331,1.0801,1.1410,1.0034,0.8948,1.0140,0.0635,0.0582,0.0026,0.9954,0.8392,0.5427,0.0106,0.8551,0.1509,0.6407,0.0212,0.6036,0.1271,0.6354,0.7174,0.2939,0.5242,0.0424,0.7492,0.6380,0.7810,0.7598,0.4130,0.7148,0.7042,0.7386,0.6830,0.0609,0.6460,0.0582,0.5983,0.6566,0.5454,0.1721,0.0000,0.5718,0.5533,0.5851,0.5268,0.4421,0.5189,0.2833,0.0053,0.1747,0.0000,0.2753
2024Q2,11.7203,6.7602,4.6290,4.5169,3.8849,2.5689,1.1408,0.6046,3.1982,2.9903,3.2857,1.4226,2.2270,2.0190,0.4897,0.0356,0.0602,1.0150,2.5689,0.3009,1.8987,0.0328,0.3283,2.0054,1.8357,1.6716,1.9233,1.9014,0.4760,0.7250,1.8193,0.1587,0.0082,1.3241,1.6415,0.0903,1.1272,1.1573,0.2435,0.0000,1.3707,0.0383,1.4308,1.3351,1.3679,1.3050,1.3789,0.7031,1.0861,1.0341,1.0971,1.0560,0.9028,0.9685,0.0711,0.0520,0.0000,1.0314,0.9740,0.5061,0.0055,0.9493,0.1532,0.6922,0.0246,0.6566,0.1204,0.6402,0.7688,0.3338,0.4514,0.0383,0.7031,0.7606,0.7551,0.7441,0.3885,0.6812,0.7606,0.6840,0.6566,0.0739,0.6867,0.0465,0.5909,0.6484,0.6320,0.1532,0.0000,0.5362,0.6156,0.4897,0.5608,0.4295,0.4624,0.2626,0.0055,0.1669,0.0000,0.2490
2024Q3,11.6214,6.9448,4.5757,4.5644,3.8831,2.5346,1.0234,0.6224,3.0196,3.0280,3.2467,1.3177,2.2654,1.9402,0.4682,0.0308,0.0533,0.9785,2.5990,0.2720,1.8308,0.0393,0.3056,2.0635,1.7439,1.6822,1.9514,1.8196,0.4794,0.7318,1.8561,0.1542,0.0084,1.5028,1.5757,0.0757,1.0710,1.1103,0.2243,0.0000,1.3710,0.0421,1.5364,1.4411,1.3962,1.2533,1.3766,0.7009,1.1607,1.0318,1.0934,1.1299,0.9701,0.9785,0.0589,0.0421,0.0000,1.0430,1.0318,0.5019,0.0112,1.0206,0.1626,0.7570,0.0196,0.6673,0.0897,0.6364,0.8159,0.3505,0.4037,0.0364,0.6869,0.7318,0.7065,0.7093,0.3449,0.6813,0.7458,0.7037,0.6140,0.0785,0.6701,0.0449,0.5215,0.6561,0.5663,0.1430,0.0000,0.5159,0.5720,0.4458,0.5635,0.4149,0.4542,0.2299,0.0028,0.1626,0.0028,0.2075
2024Q4,11.6705,6.9042,4.4836,4.5182,3.9181,2.5159,1.0156,0.6145,2.8419,2.9313,3.3006,1.2954,2.2793,1.8667,0.4414,0.0375,0.0519,0.9636,2.6168,0.2741,1.7282,0.0548,0.2885,2.0629,1.7340,1.6445,1.9504,1.7686,0.4761,0.7357,1.7975,0.1414,0.0087,1.5782,1.4974,0.0866,1.0040,1.0329,0.2164,0.0000,1.3647,0.0462,1.5061,1.4166,1.4080,1.2954,1.3762,0.6636,1.1368,1.0646,1.0848,1.1079,0.9550,0.9579,0.0606,0.0375,0.0029,0.9954,0.9954,0.4905,0.0115,0.9954,0.1471,0.7617,0.0173,0.6347,0.0866,0.6059,0.8252,0.3606,0.3664,0.0317,0.6520,0.7646,0.6982,0.6665,0.3549,0.6405,0.7357,0.6896,0.5741,0.0721,0.6694,0.0404,0.4818,0.6492,0.5395,0.1269,0.0000,0.4962,0.5684,0.4328,0.5713,0.3895,0.4934,0.2222,0.0029,0.1500,0.0029,0.2020
2025Q1,11.6095,6.7391,4.4979,4.5386,3.9439,2.2599,0.9140,0.5791,2.5698,2.7451,3.0612,1.1988,2.1629,1.7372,0.4664,0.0470,0.0376,0.9015,2.4978,0.2254,1.6370,0.0563,0.2410,2.0033,1.6589,1.4931,2.0064,1.6589,0.4664,0.7481,1.5963,0.1158,0.0094,1.6120,1.3428,0.0657,0.9171,1.0016,0.2222,0.0000,1.3240,0.0438,1.5024,1.3272,1.4085,1.3178,1.3898,0.6886,1.0517,0.9828,1.0298,0.9797,0.8952,0.9015,0.0626,0.0188,0.0063,0.8764,0.9828,0.4570,0.0094,1.0204,0.1471,0.8451,0.0219,0.6511,0.0783,0.5885,0.8295,0.3537,0.3224,0.0313,0.6448,0.7950,0.6667,0.7637,0.3349,0.5791,0.7262,0.6573,0.5352,0.0626,0.6917,0.0313,0.4069,0.6385,0.4633,0.1127,0.0000,0.4351,0.5478,0.3506,0.5853,0.3443,0.4695,0.1690,0.0031,0.1158,0.0031,0.1659
2025Q2,11.3923,6.5742,4.4603,4.3090,3.8368,2.1397,0.7747,0.5386,2.2172,2.7558,2.8960,1.0256,2.0069,1.4978,0.4685,0.0406,0.0332,0.8301,2.3759,0.1918,1.4019,0.0443,0.1918,2.0291,1.6159,1.2912,1.9996,1.5569,0.3874,0.7194,1.4720,0.1291,0.0000,1.6675,1.2875,0.0553,0.7637,0.8780,0.1660,0.0000,1.2064,0.0406,1.4277,1.2802,1.3171,1.3982,1.3761,0.6714,1.0330,0.9887,1.0883,0.9850,0.9260,0.8780,0.0406,0.0111,0.0074,0.8485,0.9887,0.4390,0.0148,1.0072,0.1402,0.9518,0.0258,0.6530,0.0480,0.5239,0.8153,0.3505,0.2693,0.0258,0.6272,0.6862,0.7157,0.7637,0.2988,0.5091,0.6751,0.6087,0.4464,0.0627,0.7194,0.0369,0.3615,0.5903,0.3431,0.1144,0.0000,0.4206,0.4612,0.3505,0.5645,0.2804,0.4279,0.1476,0.0037,0.0996,0.0037,0.1660
2025Q3,10.9959,6.1696,4.2183,4.1570,3.6245,1.8759,0.7305,0.4855,1.9843,2.5687,2.5970,0.9756,1.8429,1.2301,0.4760,0.0518,0.0471,0.7918,2.2906,0.1744,1.1170,0.0424,0.1602,1.9041,1.6119,1.0793,2.0408,1.5129,0.3629,0.7353,1.3574,0.1225,0.0047,1.6920,1.2443,0.0660,0.6410,0.8295,0.1414,0.0000,1.1123,0.0283,1.2537,1.0558,1.2726,1.2961,1.1877,0.7117,0.8767,0.9756,1.0086,0.9332,0.9144,0.7164,0.0424,0.0094,0.0094,0.8012,0.9379,0.3912,0.0094,0.9285,0.1178,0.9756,0.0330,0.6221,0.0471,0.4855,0.7353,0.3441,0.2027,0.0236,0.6033,0.7730,0.6269,0.7447,0.2828,0.4336,0.6646,0.5844,0.3912,0.0518,0.7070,0.0330,0.3488,0.4855,0.3535,0.1414,0.0000,0.3346,0.5137,0.3205,0.5137,0.2687,0.4336,0.1225,0.0047,0.0754,0.0000,0.1508
